,c_name,c_img,lvl,branch,resp_type,partic_id,is_ans_correct,react_time
0,bunk_bed_n_01,tank_top_n_01,hyponym,furniture.n.01,False,608b3790-a526-4925-9ef1-b8f529dd9713,1,1676
1,grand_piano_n_01,muffler_n_02,hyponym,musical_instrument.n.01,False,608b3790-a526-4925-9ef1-b8f529dd9713,1,752
2,clothing_n_01,tank_top_n_01,hypernym,clothing.n.01,True,608b3790-a526-4925-9ef1-b8f529dd9713,1,687
3,stradavarius_n_01,armchair_n_01,hyponym,musical_instrument.n.01,False,608b3790-a526-4925-9ef1-b8f529dd9713,1,529
4,clothing_n_01,highhat_cymbal_n_01,hypernym,clothing.n.01,False,608b3790-a526-4925-9ef1-b8f529dd9713,1,670
5,cherry_n_03,heart_cherry_n_02,bl,edible_fruit.n.01,True,608b3790-a526-4925-9ef1-b8f529dd9713,1,471
6,uplift_n_02,uplift_n_02,hyponym,clothing.n.01,True,608b3790-a526-4925-9ef1-b8f529dd9713,1,809
7,cradle_n_01,damson_n_01,hyponym,furniture.n.01,False,608b3790-a526-4925-9ef1-b8f529dd9713,1,448
8,hand_tool_n_01,spade_n_02,hypernym,hand_tool.n.01,True,608b3790-a526-4925-9ef1-b8f529dd9713,1,579
9,contrabassoon_n_01,contrabassoon_n_01,hyponym,musical_instrument.n.01,True,608b3790-a526-4925-9ef1-b8f529dd9713,1,658
10,love_seat_n_01,love_seat_n_01,hyponym,furniture.n.01,True,608b3790-a526-4925-9ef1-b8f529dd9713,2,580
11,turtleneck_n_01,turtleneck_n_01,hyponym,clothing.n.01,True,608b3790-a526-4925-9ef1-b8f529dd9713,1,854
12,wardrobe_n_01,sultana_n_01,bl,furniture.n.01,False,608b3790-a526-4925-9ef1-b8f529dd9713,1,802
13,granadilla_n_04,granadilla_n_04,hyponym,edible_fruit.n.01,True,608b3790-a526-4925-9ef1-b8f529dd9713,1,486
14,hand_tool_n_01,uplift_n_02,hypernym,hand_tool.n.01,False,608b3790-a526-4925-9ef1-b8f529dd9713,1,849
15,hand_tool_n_01,writing_desk_n_02,hypernym,hand_tool.n.01,False,608b3790-a526-4925-9ef1-b8f529dd9713,1,1670
16,trombone_n_01,bosc_n_01,bl,musical_instrument.n.01,False,608b3790-a526-4925-9ef1-b8f529dd9713,1,740
17,cabinet_n_01,cherimoya_n_02,bl,furniture.n.01,False,608b3790-a526-4925-9ef1-b8f529dd9713,1,1832
18,carpenters_square_n_01,carpenters_square_n_01,hyponym,hand_tool.n.01,True,608b3790-a526-4925-9ef1-b8f529dd9713,1,556
19,bench_n_01,granny_smith_n_01,bl,furniture.n.01,False,608b3790-a526-4925-9ef1-b8f529dd9713,1,702
20,hand_tool_n_01,church_key_n_01,hypernym,hand_tool.n.01,True,608b3790-a526-4925-9ef1-b8f529dd9713,1,1119
21,needlenose_pliers_n_01,bunk_bed_n_01,hyponym,hand_tool.n.01,False,608b3790-a526-4925-9ef1-b8f529dd9713,1,569
22,musical_instrument_n_01,pew_n_01,hypernym,musical_instrument.n.01,False,608b3790-a526-4925-9ef1-b8f529dd9713,1,504
23,church_key_n_01,church_key_n_01,hyponym,hand_tool.n.01,True,608b3790-a526-4925-9ef1-b8f529dd9713,2,973
24,bassoon_n_01,highboy_n_01,bl,musical_instrument.n.01,False,608b3790-a526-4925-9ef1-b8f529dd9713,1,1320
25,chest_of_drawers_n_01,bikini_n_02,bl,furniture.n.01,False,608b3790-a526-4925-9ef1-b8f529dd9713,1,1091
26,clarinet_n_01,armoire_n_01,bl,musical_instrument.n.01,False,608b3790-a526-4925-9ef1-b8f529dd9713,1,1022
27,edible_fruit_n_01,cherimoya_n_02,hypernym,edible_fruit.n.01,True,608b3790-a526-4925-9ef1-b8f529dd9713,1,1112
28,pliers_n_01,needlenose_pliers_n_01,bl,hand_tool.n.01,True,608b3790-a526-4925-9ef1-b8f529dd9713,1,1286
29,hammer_n_02,granadilla_n_04,bl,hand_tool.n.01,False,608b3790-a526-4925-9ef1-b8f529dd9713,1,585
30,veil_n_01,lyre_n_01,bl,clothing.n.01,False,608b3790-a526-4925-9ef1-b8f529dd9713,1,931
31,furniture_n_01,miniskirt_n_01,hypernym,furniture.n.01,False,608b3790-a526-4925-9ef1-b8f529dd9713,1,1197
32,scarf_n_01,muffler_n_02,bl,clothing.n.01,True,608b3790-a526-4925-9ef1-b8f529dd9713,1,581
33,dresser_n_05,dresser_n_05,hyponym,furniture.n.01,True,608b3790-a526-4925-9ef1-b8f529dd9713,1,935
34,tank_top_n_01,watermelon_n_02,hyponym,clothing.n.01,False,608b3790-a526-4925-9ef1-b8f529dd9713,1,582
35,melon_n_01,spinet_n_02,bl,edible_fruit.n.01,False,608b3790-a526-4925-9ef1-b8f529dd9713,1,1642
36,musical_instrument_n_01,highhat_cymbal_n_01,hypernym,musical_instrument.n.01,True,608b3790-a526-4925-9ef1-b8f529dd9713,1,569
37,putty_knife_n_01,putty_knife_n_01,hyponym,hand_tool.n.01,True,608b3790-a526-4925-9ef1-b8f529dd9713,1,559
38,clothing_n_01,raincoat_n_01,hypernym,clothing.n.01,True,608b3790-a526-4925-9ef1-b8f529dd9713,1,748
39,business_suit_n_01,highboy_n_01,hyponym,clothing.n.01,False,608b3790-a526-4925-9ef1-b8f529dd9713,1,594
40,hand_tool_n_01,bikini_n_02,hypernym,hand_tool.n.01,False,608b3790-a526-4925-9ef1-b8f529dd9713,1,748
41,edible_fruit_n_01,business_suit_n_01,hypernym,edible_fruit.n.01,False,608b3790-a526-4925-9ef1-b8f529dd9713,1,1166
42,heckelphone_n_01,heckelphone_n_01,hyponym,musical_instrument.n.01,True,608b3790-a526-4925-9ef1-b8f529dd9713,1,939
43,edible_fruit_n_01,granadilla_n_04,hypernym,edible_fruit.n.01,True,608b3790-a526-4925-9ef1-b8f529dd9713,1,818
44,muffler_n_02,muffler_n_02,hyponym,clothing.n.01,True,608b3790-a526-4925-9ef1-b8f529dd9713,1,4249
45,musical_instrument_n_01,needlenose_pliers_n_01,hypernym,musical_instrument.n.01,False,608b3790-a526-4925-9ef1-b8f529dd9713,1,693
46,furniture_n_01,piccolo_n_01,hypernym,furniture.n.01,False,608b3790-a526-4925-9ef1-b8f529dd9713,1,1026
47,edible_fruit_n_01,campstool_n_01,hypernym,edible_fruit.n.01,False,608b3790-a526-4925-9ef1-b8f529dd9713,1,3521
48,spade_n_02,bow_tie_n_01,hyponym,hand_tool.n.01,False,608b3790-a526-4925-9ef1-b8f529dd9713,1,890
49,wardrobe_n_01,armoire_n_01,bl,furniture.n.01,True,608b3790-a526-4925-9ef1-b8f529dd9713,1,818
50,edible_fruit_n_01,bitter_orange_n_02,hypernym,edible_fruit.n.01,True,608b3790-a526-4925-9ef1-b8f529dd9713,1,544
51,lamp_n_02,floor_lamp_n_01,bl,furniture.n.01,True,608b3790-a526-4925-9ef1-b8f529dd9713,1,1029
52,furniture_n_01,cathedra_n_01,hypernym,furniture.n.01,True,608b3790-a526-4925-9ef1-b8f529dd9713,1,839
53,stool_n_01,tank_top_n_01,bl,furniture.n.01,False,608b3790-a526-4925-9ef1-b8f529dd9713,1,757
54,furniture_n_01,cradle_n_01,hypernym,furniture.n.01,True,608b3790-a526-4925-9ef1-b8f529dd9713,1,925
55,wrench_n_03,crescent_wrench_n_01,bl,hand_tool.n.01,True,608b3790-a526-4925-9ef1-b8f529dd9713,1,625
56,musical_instrument_n_01,bathrobe_n_01,hypernym,musical_instrument.n.01,False,608b3790-a526-4925-9ef1-b8f529dd9713,1,761
57,flute_n_01,crescent_wrench_n_01,bl,musical_instrument.n.01,False,608b3790-a526-4925-9ef1-b8f529dd9713,1,768
58,heart_cherry_n_02,bathrobe_n_01,hyponym,edible_fruit.n.01,False,608b3790-a526-4925-9ef1-b8f529dd9713,1,1153
59,furniture_n_01,highboy_n_01,hypernym,furniture.n.01,True,608b3790-a526-4925-9ef1-b8f529dd9713,1,711
60,saw_n_02,sweat_pants_n_01,bl,hand_tool.n.01,False,608b3790-a526-4925-9ef1-b8f529dd9713,1,741
61,raincoat_n_01,carpenters_hammer_n_01,hyponym,clothing.n.01,False,608b3790-a526-4925-9ef1-b8f529dd9713,1,815
62,bongo_n_01,bongo_n_01,hyponym,musical_instrument.n.01,True,608b3790-a526-4925-9ef1-b8f529dd9713,1,453
63,guitar_n_01,nailfile_n_01,bl,musical_instrument.n.01,False,608b3790-a526-4925-9ef1-b8f529dd9713,1,652
64,bradawl_n_01,bradawl_n_01,hyponym,hand_tool.n.01,True,608b3790-a526-4925-9ef1-b8f529dd9713,1,960
65,hand_tool_n_01,carpenters_hammer_n_01,hypernym,hand_tool.n.01,True,608b3790-a526-4925-9ef1-b8f529dd9713,1,602
66,suit_n_01,business_suit_n_01,bl,clothing.n.01,True,608b3790-a526-4925-9ef1-b8f529dd9713,1,899
67,musical_instrument_n_01,putty_knife_n_01,hypernym,musical_instrument.n.01,False,608b3790-a526-4925-9ef1-b8f529dd9713,1,1242
68,clarinet_n_01,bass_clarinet_n_01,bl,musical_instrument.n.01,True,608b3790-a526-4925-9ef1-b8f529dd9713,1,593
69,writing_desk_n_02,writing_desk_n_02,hyponym,furniture.n.01,True,608b3790-a526-4925-9ef1-b8f529dd9713,1,770
70,furniture_n_01,stradavarius_n_01,hypernym,furniture.n.01,False,608b3790-a526-4925-9ef1-b8f529dd9713,1,824
71,carpenters_hammer_n_01,carpenters_hammer_n_01,hyponym,hand_tool.n.01,True,608b3790-a526-4925-9ef1-b8f529dd9713,1,502
72,turtleneck_n_01,heart_cherry_n_02,hyponym,clothing.n.01,False,608b3790-a526-4925-9ef1-b8f529dd9713,1,493
73,furniture_n_01,face_veil_n_01,hypernym,furniture.n.01,False,608b3790-a526-4925-9ef1-b8f529dd9713,1,793
74,edible_fruit_n_01,contrabassoon_n_01,hypernym,edible_fruit.n.01,False,608b3790-a526-4925-9ef1-b8f529dd9713,1,993
75,hand_tool_n_01,phillips_screwdriver_n_01,hypernym,hand_tool.n.01,True,608b3790-a526-4925-9ef1-b8f529dd9713,1,465
76,clothing_n_01,muffler_n_02,hypernym,clothing.n.01,True,608b3790-a526-4925-9ef1-b8f529dd9713,1,689
77,bunk_bed_n_01,bunk_bed_n_01,hyponym,furniture.n.01,True,608b3790-a526-4925-9ef1-b8f529dd9713,1,573
78,cathedra_n_01,cathedra_n_01,hyponym,furniture.n.01,True,608b3790-a526-4925-9ef1-b8f529dd9713,1,656
79,musical_instrument_n_01,contrabassoon_n_01,hypernym,musical_instrument.n.01,True,608b3790-a526-4925-9ef1-b8f529dd9713,1,689
80,acoustic_guitar_n_01,acoustic_guitar_n_01,hyponym,musical_instrument.n.01,True,608b3790-a526-4925-9ef1-b8f529dd9713,1,682
81,spinet_n_02,spinet_n_02,hyponym,musical_instrument.n.01,True,608b3790-a526-4925-9ef1-b8f529dd9713,1,588
82,robe_n_01,bathrobe_n_01,bl,clothing.n.01,True,608b3790-a526-4925-9ef1-b8f529dd9713,1,606
83,bow_tie_n_01,bunk_bed_n_01,hyponym,clothing.n.01,False,608b3790-a526-4925-9ef1-b8f529dd9713,1,497
84,sweat_pants_n_01,highboy_n_01,hyponym,clothing.n.01,False,608b3790-a526-4925-9ef1-b8f529dd9713,1,1064
85,pear_n_01,phillips_screwdriver_n_01,bl,edible_fruit.n.01,False,608b3790-a526-4925-9ef1-b8f529dd9713,1,561
86,musical_instrument_n_01,armchair_n_01,hypernym,musical_instrument.n.01,False,608b3790-a526-4925-9ef1-b8f529dd9713,1,658
87,file_n_04,nailfile_n_01,bl,hand_tool.n.01,True,608b3790-a526-4925-9ef1-b8f529dd9713,1,937
88,church_key_n_01,grand_piano_n_01,hyponym,hand_tool.n.01,False,608b3790-a526-4925-9ef1-b8f529dd9713,1,816
89,face_veil_n_01,euphonium_n_01,hyponym,clothing.n.01,False,608b3790-a526-4925-9ef1-b8f529dd9713,1,1287
90,edible_fruit_n_01,key_lime_n_01,hypernym,edible_fruit.n.01,True,608b3790-a526-4925-9ef1-b8f529dd9713,1,1051
91,cymbal_n_01,highhat_cymbal_n_01,bl,musical_instrument.n.01,True,608b3790-a526-4925-9ef1-b8f529dd9713,1,696
92,lyre_n_01,lyre_n_01,hyponym,musical_instrument.n.01,True,608b3790-a526-4925-9ef1-b8f529dd9713,1,964
93,custard_apple_n_02,cherimoya_n_02,bl,edible_fruit.n.01,True,608b3790-a526-4925-9ef1-b8f529dd9713,1,865
94,guitar_n_01,acoustic_guitar_n_01,bl,musical_instrument.n.01,True,608b3790-a526-4925-9ef1-b8f529dd9713,1,1699
95,pear_n_01,bosc_n_01,bl,edible_fruit.n.01,True,608b3790-a526-4925-9ef1-b8f529dd9713,1,486
96,brick_trowel_n_01,sweat_pants_n_01,hyponym,hand_tool.n.01,False,608b3790-a526-4925-9ef1-b8f529dd9713,1,3517
97,clothing_n_01,long_johns_n_01,hypernym,clothing.n.01,True,608b3790-a526-4925-9ef1-b8f529dd9713,1,2518
98,bass_horn_n_01,church_key_n_01,bl,musical_instrument.n.01,False,608b3790-a526-4925-9ef1-b8f529dd9713,1,586
99,furniture_n_01,armchair_n_01,hypernym,furniture.n.01,True,608b3790-a526-4925-9ef1-b8f529dd9713,1,428
100,bassoon_n_01,contrabassoon_n_01,bl,musical_instrument.n.01,True,608b3790-a526-4925-9ef1-b8f529dd9713,1,448
101,bathrobe_n_01,bathrobe_n_01,hyponym,clothing.n.01,True,608b3790-a526-4925-9ef1-b8f529dd9713,1,863
102,can_opener_n_01,bass_clarinet_n_01,bl,hand_tool.n.01,False,608b3790-a526-4925-9ef1-b8f529dd9713,1,578
103,nailfile_n_01,nailfile_n_01,hyponym,hand_tool.n.01,True,608b3790-a526-4925-9ef1-b8f529dd9713,1,917
104,floor_lamp_n_01,floor_lamp_n_01,hyponym,furniture.n.01,True,608b3790-a526-4925-9ef1-b8f529dd9713,1,706
105,passion_fruit_n_01,granadilla_n_04,bl,edible_fruit.n.01,True,608b3790-a526-4925-9ef1-b8f529dd9713,1,1120
106,bagpipe_n_01,bow_tie_n_01,bl,musical_instrument.n.01,False,608b3790-a526-4925-9ef1-b8f529dd9713,1,765
107,grape_n_01,sultana_n_01,bl,edible_fruit.n.01,True,608b3790-a526-4925-9ef1-b8f529dd9713,1,479
108,hand_tool_n_01,granny_smith_n_01,hypernym,hand_tool.n.01,False,608b3790-a526-4925-9ef1-b8f529dd9713,1,627
109,highhat_cymbal_n_01,love_seat_n_01,hyponym,musical_instrument.n.01,False,608b3790-a526-4925-9ef1-b8f529dd9713,1,557
110,furniture_n_01,coffee_table_n_01,hypernym,furniture.n.01,True,608b3790-a526-4925-9ef1-b8f529dd9713,1,796
111,edible_fruit_n_01,dresser_n_05,hypernym,edible_fruit.n.01,False,608b3790-a526-4925-9ef1-b8f529dd9713,1,1151
112,coffee_table_n_01,bongo_n_01,hyponym,furniture.n.01,False,608b3790-a526-4925-9ef1-b8f529dd9713,1,614
113,musical_instrument_n_01,piccolo_n_01,hypernym,musical_instrument.n.01,True,608b3790-a526-4925-9ef1-b8f529dd9713,1,684
114,trombone_n_01,sackbut_n_01,bl,musical_instrument.n.01,True,608b3790-a526-4925-9ef1-b8f529dd9713,1,1295
115,chair_n_01,highhat_cymbal_n_01,bl,furniture.n.01,False,608b3790-a526-4925-9ef1-b8f529dd9713,1,797
116,cabinet_n_01,dresser_n_05,bl,furniture.n.01,True,608b3790-a526-4925-9ef1-b8f529dd9713,1,680
117,bagpipe_n_01,musette_n_01,bl,musical_instrument.n.01,True,608b3790-a526-4925-9ef1-b8f529dd9713,1,968
118,musical_instrument_n_01,bongo_n_01,hypernym,musical_instrument.n.01,True,608b3790-a526-4925-9ef1-b8f529dd9713,1,1232
119,can_opener_n_01,church_key_n_01,bl,hand_tool.n.01,True,608b3790-a526-4925-9ef1-b8f529dd9713,1,1325
120,sultana_n_01,putty_knife_n_01,hyponym,edible_fruit.n.01,False,608b3790-a526-4925-9ef1-b8f529dd9713,1,609
121,clothing_n_01,bikini_n_02,hypernym,clothing.n.01,True,608b3790-a526-4925-9ef1-b8f529dd9713,1,629
122,throne_n_01,cathedra_n_01,bl,furniture.n.01,True,608b3790-a526-4925-9ef1-b8f529dd9713,1,425
123,nailfile_n_01,pew_n_01,hyponym,hand_tool.n.01,False,608b3790-a526-4925-9ef1-b8f529dd9713,1,655
124,contrabassoon_n_01,cathedra_n_01,hyponym,musical_instrument.n.01,False,608b3790-a526-4925-9ef1-b8f529dd9713,1,1133
125,sackbut_n_01,watermelon_n_02,hyponym,musical_instrument.n.01,False,608b3790-a526-4925-9ef1-b8f529dd9713,1,893
126,key_lime_n_01,face_veil_n_01,hyponym,edible_fruit.n.01,False,608b3790-a526-4925-9ef1-b8f529dd9713,1,605
127,coffee_table_n_01,coffee_table_n_01,hyponym,furniture.n.01,True,608b3790-a526-4925-9ef1-b8f529dd9713,1,611
128,putty_knife_n_01,cradle_n_01,hyponym,hand_tool.n.01,False,608b3790-a526-4925-9ef1-b8f529dd9713,1,516
129,damson_n_01,damson_n_01,hyponym,edible_fruit.n.01,True,608b3790-a526-4925-9ef1-b8f529dd9713,1,560
130,clothing_n_01,spinet_n_02,hypernym,clothing.n.01,False,608b3790-a526-4925-9ef1-b8f529dd9713,1,830
131,heart_cherry_n_02,heart_cherry_n_02,hyponym,edible_fruit.n.01,True,608b3790-a526-4925-9ef1-b8f529dd9713,1,788
132,clothing_n_01,damson_n_01,hypernym,clothing.n.01,False,608b3790-a526-4925-9ef1-b8f529dd9713,1,673
133,clothing_n_01,cape_n_02,hypernym,clothing.n.01,True,608b3790-a526-4925-9ef1-b8f529dd9713,2,667
134,piano_n_01,grand_piano_n_01,bl,musical_instrument.n.01,True,608b3790-a526-4925-9ef1-b8f529dd9713,1,1805
135,carpenters_hammer_n_01,love_seat_n_01,hyponym,hand_tool.n.01,False,608b3790-a526-4925-9ef1-b8f529dd9713,1,930
136,hand_tool_n_01,raincoat_n_01,hypernym,hand_tool.n.01,False,608b3790-a526-4925-9ef1-b8f529dd9713,1,667
137,love_seat_n_01,bradawl_n_01,hyponym,furniture.n.01,False,608b3790-a526-4925-9ef1-b8f529dd9713,1,773
138,bass_clarinet_n_01,spade_n_02,hyponym,musical_instrument.n.01,False,608b3790-a526-4925-9ef1-b8f529dd9713,1,626
139,shirt_n_01,tank_top_n_01,bl,clothing.n.01,True,608b3790-a526-4925-9ef1-b8f529dd9713,1,511
140,hand_tool_n_01,carpenters_square_n_01,hypernym,hand_tool.n.01,True,608b3790-a526-4925-9ef1-b8f529dd9713,1,787
141,clothing_n_01,bosc_n_01,hypernym,clothing.n.01,False,608b3790-a526-4925-9ef1-b8f529dd9713,1,548
142,cathedra_n_01,heart_cherry_n_02,hyponym,furniture.n.01,False,608b3790-a526-4925-9ef1-b8f529dd9713,1,587
143,hand_tool_n_01,piccolo_n_01,hypernym,hand_tool.n.01,False,608b3790-a526-4925-9ef1-b8f529dd9713,1,617
144,awl_n_01,cape_n_02,bl,hand_tool.n.01,False,608b3790-a526-4925-9ef1-b8f529dd9713,1,521
145,pliers_n_01,floor_lamp_n_01,bl,hand_tool.n.01,False,608b3790-a526-4925-9ef1-b8f529dd9713,1,634
146,miniskirt_n_01,bradawl_n_01,hyponym,clothing.n.01,False,608b3790-a526-4925-9ef1-b8f529dd9713,1,727
147,scarf_n_01,cathedra_n_01,bl,clothing.n.01,False,608b3790-a526-4925-9ef1-b8f529dd9713,1,767
148,furniture_n_01,musette_n_01,hypernym,furniture.n.01,False,608b3790-a526-4925-9ef1-b8f529dd9713,1,968
149,orange_n_01,bitter_orange_n_02,bl,edible_fruit.n.01,True,608b3790-a526-4925-9ef1-b8f529dd9713,1,523
150,flute_n_01,piccolo_n_01,bl,musical_instrument.n.01,True,608b3790-a526-4925-9ef1-b8f529dd9713,1,645
151,mandarin_n_05,armchair_n_01,bl,edible_fruit.n.01,False,608b3790-a526-4925-9ef1-b8f529dd9713,1,454
152,harpsichord_n_01,spinet_n_02,bl,musical_instrument.n.01,True,608b3790-a526-4925-9ef1-b8f529dd9713,1,2167
153,furniture_n_01,bunk_bed_n_01,hypernym,furniture.n.01,True,608b3790-a526-4925-9ef1-b8f529dd9713,1,881
154,bosc_n_01,brick_trowel_n_01,hyponym,edible_fruit.n.01,False,608b3790-a526-4925-9ef1-b8f529dd9713,1,550
155,bed_n_01,turtleneck_n_01,bl,furniture.n.01,False,608b3790-a526-4925-9ef1-b8f529dd9713,1,960
156,jacket_n_01,blazer_n_01,bl,clothing.n.01,True,608b3790-a526-4925-9ef1-b8f529dd9713,1,668
157,cloak_n_02,bongo_n_01,bl,clothing.n.01,False,608b3790-a526-4925-9ef1-b8f529dd9713,1,503
158,edible_fruit_n_01,cradle_n_01,hypernym,edible_fruit.n.01,False,608b3790-a526-4925-9ef1-b8f529dd9713,1,775
159,edible_fruit_n_01,piccolo_n_01,hypernym,edible_fruit.n.01,False,608b3790-a526-4925-9ef1-b8f529dd9713,1,1517
160,face_veil_n_01,face_veil_n_01,hyponym,clothing.n.01,True,608b3790-a526-4925-9ef1-b8f529dd9713,1,432
161,trouser_n_01,lyre_n_01,bl,clothing.n.01,False,608b3790-a526-4925-9ef1-b8f529dd9713,1,517
162,hand_tool_n_01,brick_trowel_n_01,hypernym,hand_tool.n.01,True,608b3790-a526-4925-9ef1-b8f529dd9713,2,479
163,bass_clarinet_n_01,bass_clarinet_n_01,hyponym,musical_instrument.n.01,True,608b3790-a526-4925-9ef1-b8f529dd9713,1,466
164,euphonium_n_01,euphonium_n_01,hyponym,musical_instrument.n.01,True,608b3790-a526-4925-9ef1-b8f529dd9713,1,494
165,clothing_n_01,euphonium_n_01,hypernym,clothing.n.01,False,608b3790-a526-4925-9ef1-b8f529dd9713,1,3010
166,musical_instrument_n_01,bitter_orange_n_02,hypernym,musical_instrument.n.01,False,608b3790-a526-4925-9ef1-b8f529dd9713,1,890
167,tank_top_n_01,tank_top_n_01,hyponym,clothing.n.01,True,608b3790-a526-4925-9ef1-b8f529dd9713,1,667
168,cymbal_n_01,bunk_bed_n_01,bl,musical_instrument.n.01,False,608b3790-a526-4925-9ef1-b8f529dd9713,1,584
169,musical_instrument_n_01,needlenose_pliers_n_01,hypernym,musical_instrument.n.01,False,608b3790-a526-4925-9ef1-b8f529dd9713,1,580
170,smooth_plane_n_01,damson_n_01,hyponym,hand_tool.n.01,False,608b3790-a526-4925-9ef1-b8f529dd9713,1,569
171,furniture_n_01,handsaw_n_01,hypernym,furniture.n.01,False,608b3790-a526-4925-9ef1-b8f529dd9713,1,872
172,piccolo_n_01,piccolo_n_01,hyponym,musical_instrument.n.01,True,608b3790-a526-4925-9ef1-b8f529dd9713,1,688
173,hand_tool_n_01,crescent_wrench_n_01,hypernym,hand_tool.n.01,True,608b3790-a526-4925-9ef1-b8f529dd9713,1,838
174,trowel_n_01,cape_n_02,bl,hand_tool.n.01,False,608b3790-a526-4925-9ef1-b8f529dd9713,1,570
175,cherimoya_n_02,crescent_wrench_n_01,hyponym,edible_fruit.n.01,False,608b3790-a526-4925-9ef1-b8f529dd9713,1,472
176,lime_n_06,floor_lamp_n_01,bl,edible_fruit.n.01,False,608b3790-a526-4925-9ef1-b8f529dd9713,1,611
177,musical_instrument_n_01,stradavarius_n_01,hypernym,musical_instrument.n.01,True,608b3790-a526-4925-9ef1-b8f529dd9713,1,1250
178,bradawl_n_01,bass_clarinet_n_01,hyponym,hand_tool.n.01,False,608b3790-a526-4925-9ef1-b8f529dd9713,1,547
179,suit_n_01,sackbut_n_01,bl,clothing.n.01,False,608b3790-a526-4925-9ef1-b8f529dd9713,1,505
180,clothing_n_01,sweat_pants_n_01,hypernym,clothing.n.01,True,608b3790-a526-4925-9ef1-b8f529dd9713,1,699
181,granadilla_n_04,carpenters_hammer_n_01,hyponym,edible_fruit.n.01,False,608b3790-a526-4925-9ef1-b8f529dd9713,1,443
182,crescent_wrench_n_01,crescent_wrench_n_01,hyponym,hand_tool.n.01,True,608b3790-a526-4925-9ef1-b8f529dd9713,1,489
183,furniture_n_01,turtleneck_n_01,hypernym,furniture.n.01,False,608b3790-a526-4925-9ef1-b8f529dd9713,1,639
184,phillips_screwdriver_n_01,musette_n_01,hyponym,hand_tool.n.01,False,608b3790-a526-4925-9ef1-b8f529dd9713,1,517
185,sweater_n_01,cherimoya_n_02,bl,clothing.n.01,False,608b3790-a526-4925-9ef1-b8f529dd9713,1,581
186,throne_n_01,clementine_n_02,bl,furniture.n.01,False,608b3790-a526-4925-9ef1-b8f529dd9713,1,657
187,clothing_n_01,uplift_n_02,hypernym,clothing.n.01,True,608b3790-a526-4925-9ef1-b8f529dd9713,1,1146
188,bow_tie_n_01,bow_tie_n_01,hyponym,clothing.n.01,True,608b3790-a526-4925-9ef1-b8f529dd9713,1,504
189,blazer_n_01,sultana_n_01,hyponym,clothing.n.01,False,608b3790-a526-4925-9ef1-b8f529dd9713,1,530
190,swimsuit_n_01,bikini_n_02,bl,clothing.n.01,True,608b3790-a526-4925-9ef1-b8f529dd9713,1,550
191,edible_fruit_n_01,damson_n_01,hypernym,edible_fruit.n.01,True,608b3790-a526-4925-9ef1-b8f529dd9713,1,598
192,hand_tool_n_01,raincoat_n_01,hypernym,hand_tool.n.01,False,608b3790-a526-4925-9ef1-b8f529dd9713,1,785
193,wrench_n_03,muffler_n_02,bl,hand_tool.n.01,False,608b3790-a526-4925-9ef1-b8f529dd9713,1,605
194,armoire_n_01,armoire_n_01,hyponym,furniture.n.01,True,608b3790-a526-4925-9ef1-b8f529dd9713,1,542
195,sweater_n_01,turtleneck_n_01,bl,clothing.n.01,True,608b3790-a526-4925-9ef1-b8f529dd9713,1,493
196,pew_n_01,pew_n_01,hyponym,furniture.n.01,True,608b3790-a526-4925-9ef1-b8f529dd9713,1,721
197,hand_tool_n_01,bradawl_n_01,hypernym,hand_tool.n.01,True,608b3790-a526-4925-9ef1-b8f529dd9713,1,1077
198,edible_fruit_n_01,bosc_n_01,hypernym,edible_fruit.n.01,True,608b3790-a526-4925-9ef1-b8f529dd9713,1,1161
199,musical_instrument_n_01,putty_knife_n_01,hypernym,musical_instrument.n.01,False,608b3790-a526-4925-9ef1-b8f529dd9713,1,2558
200,violin_n_01,smooth_plane_n_01,bl,musical_instrument.n.01,False,608b3790-a526-4925-9ef1-b8f529dd9713,1,1455
201,screwdriver_n_01,euphonium_n_01,bl,hand_tool.n.01,False,608b3790-a526-4925-9ef1-b8f529dd9713,1,1539
202,pew_n_01,heart_cherry_n_02,hyponym,furniture.n.01,False,608b3790-a526-4925-9ef1-b8f529dd9713,1,755
203,musical_instrument_n_01,bass_clarinet_n_01,hypernym,musical_instrument.n.01,True,608b3790-a526-4925-9ef1-b8f529dd9713,1,1074
204,musical_instrument_n_01,lyre_n_01,hypernym,musical_instrument.n.01,True,608b3790-a526-4925-9ef1-b8f529dd9713,1,589
205,edible_fruit_n_01,heart_cherry_n_02,hypernym,edible_fruit.n.01,True,608b3790-a526-4925-9ef1-b8f529dd9713,1,616
206,furniture_n_01,floor_lamp_n_01,hypernym,furniture.n.01,True,608b3790-a526-4925-9ef1-b8f529dd9713,1,553
207,musical_instrument_n_01,acoustic_guitar_n_01,hypernym,musical_instrument.n.01,True,608b3790-a526-4925-9ef1-b8f529dd9713,1,929
208,hand_tool_n_01,smooth_plane_n_01,hypernym,hand_tool.n.01,True,608b3790-a526-4925-9ef1-b8f529dd9713,1,843
209,furniture_n_01,nailfile_n_01,hypernym,furniture.n.01,False,608b3790-a526-4925-9ef1-b8f529dd9713,1,837
210,sultana_n_01,sultana_n_01,hyponym,edible_fruit.n.01,True,608b3790-a526-4925-9ef1-b8f529dd9713,1,604
211,spade_n_02,spade_n_02,hyponym,hand_tool.n.01,True,608b3790-a526-4925-9ef1-b8f529dd9713,1,476
212,clementine_n_02,clementine_n_02,hyponym,edible_fruit.n.01,True,608b3790-a526-4925-9ef1-b8f529dd9713,1,1170
213,hand_tool_n_01,spinet_n_02,hypernym,hand_tool.n.01,False,608b3790-a526-4925-9ef1-b8f529dd9713,1,1451
214,edible_fruit_n_01,clementine_n_02,hypernym,edible_fruit.n.01,True,608b3790-a526-4925-9ef1-b8f529dd9713,1,587
215,piccolo_n_01,church_key_n_01,hyponym,musical_instrument.n.01,False,608b3790-a526-4925-9ef1-b8f529dd9713,1,706
216,underwear_n_01,long_johns_n_01,bl,clothing.n.01,True,608b3790-a526-4925-9ef1-b8f529dd9713,1,906
217,drum_n_01,bongo_n_01,bl,musical_instrument.n.01,True,608b3790-a526-4925-9ef1-b8f529dd9713,1,717
218,clothing_n_01,face_veil_n_01,hypernym,clothing.n.01,True,608b3790-a526-4925-9ef1-b8f529dd9713,1,1241
219,clothing_n_01,heckelphone_n_01,hypernym,clothing.n.01,False,608b3790-a526-4925-9ef1-b8f529dd9713,1,628
220,furniture_n_01,love_seat_n_01,hypernym,furniture.n.01,True,608b3790-a526-4925-9ef1-b8f529dd9713,1,818
221,chest_of_drawers_n_01,highboy_n_01,bl,furniture.n.01,True,608b3790-a526-4925-9ef1-b8f529dd9713,1,474
222,edible_fruit_n_01,sultana_n_01,hypernym,edible_fruit.n.01,True,608b3790-a526-4925-9ef1-b8f529dd9713,1,575
223,granny_smith_n_01,coffee_table_n_01,hyponym,edible_fruit.n.01,False,608b3790-a526-4925-9ef1-b8f529dd9713,1,404
224,phillips_screwdriver_n_01,phillips_screwdriver_n_01,hyponym,hand_tool.n.01,True,608b3790-a526-4925-9ef1-b8f529dd9713,1,461
225,raincoat_n_01,raincoat_n_01,hyponym,clothing.n.01,True,608b3790-a526-4925-9ef1-b8f529dd9713,1,842
226,bed_n_01,bunk_bed_n_01,bl,furniture.n.01,True,608b3790-a526-4925-9ef1-b8f529dd9713,1,532
227,clothing_n_01,bow_tie_n_01,hypernym,clothing.n.01,True,608b3790-a526-4925-9ef1-b8f529dd9713,1,561
228,crescent_wrench_n_01,blazer_n_01,hyponym,hand_tool.n.01,False,608b3790-a526-4925-9ef1-b8f529dd9713,1,607
229,swimsuit_n_01,clementine_n_02,bl,clothing.n.01,False,608b3790-a526-4925-9ef1-b8f529dd9713,1,485
230,shovel_n_01,spade_n_02,bl,hand_tool.n.01,True,608b3790-a526-4925-9ef1-b8f529dd9713,1,494
231,stradavarius_n_01,stradavarius_n_01,hyponym,musical_instrument.n.01,True,608b3790-a526-4925-9ef1-b8f529dd9713,1,448
232,heckelphone_n_01,muffler_n_02,hyponym,musical_instrument.n.01,False,608b3790-a526-4925-9ef1-b8f529dd9713,1,559
233,bitter_orange_n_02,bitter_orange_n_02,hyponym,edible_fruit.n.01,True,608b3790-a526-4925-9ef1-b8f529dd9713,1,501
234,musical_instrument_n_01,euphonium_n_01,hypernym,musical_instrument.n.01,True,608b3790-a526-4925-9ef1-b8f529dd9713,1,768
235,hand_tool_n_01,acoustic_guitar_n_01,hypernym,hand_tool.n.01,False,608b3790-a526-4925-9ef1-b8f529dd9713,2,931
236,desk_n_01,writing_desk_n_02,bl,furniture.n.01,True,608b3790-a526-4925-9ef1-b8f529dd9713,1,911
237,watermelon_n_02,stradavarius_n_01,hyponym,edible_fruit.n.01,False,608b3790-a526-4925-9ef1-b8f529dd9713,2,511
238,spatula_n_02,coffee_table_n_01,bl,hand_tool.n.01,False,608b3790-a526-4925-9ef1-b8f529dd9713,1,2439
239,piano_n_01,bow_tie_n_01,bl,musical_instrument.n.01,False,608b3790-a526-4925-9ef1-b8f529dd9713,1,513
240,clothing_n_01,key_lime_n_01,hypernym,clothing.n.01,False,608b3790-a526-4925-9ef1-b8f529dd9713,1,1190
241,musical_instrument_n_01,spinet_n_02,hypernym,musical_instrument.n.01,True,608b3790-a526-4925-9ef1-b8f529dd9713,1,449
242,harpsichord_n_01,face_veil_n_01,bl,musical_instrument.n.01,False,608b3790-a526-4925-9ef1-b8f529dd9713,1,598
243,brassiere_n_01,uplift_n_02,bl,clothing.n.01,True,608b3790-a526-4925-9ef1-b8f529dd9713,1,668
244,armoire_n_01,clementine_n_02,hyponym,furniture.n.01,False,608b3790-a526-4925-9ef1-b8f529dd9713,1,945
245,clothing_n_01,key_lime_n_01,hypernym,clothing.n.01,False,608b3790-a526-4925-9ef1-b8f529dd9713,1,893
246,uplift_n_02,brick_trowel_n_01,hyponym,clothing.n.01,False,608b3790-a526-4925-9ef1-b8f529dd9713,1,717
247,furniture_n_01,musette_n_01,hypernym,furniture.n.01,False,608b3790-a526-4925-9ef1-b8f529dd9713,1,662
248,bikini_n_02,bikini_n_02,hyponym,clothing.n.01,True,608b3790-a526-4925-9ef1-b8f529dd9713,1,628
249,furniture_n_01,writing_desk_n_02,hypernym,furniture.n.01,True,608b3790-a526-4925-9ef1-b8f529dd9713,1,521
250,table_n_02,coffee_table_n_01,bl,furniture.n.01,True,608b3790-a526-4925-9ef1-b8f529dd9713,1,447
251,cradle_n_01,cradle_n_01,hyponym,furniture.n.01,True,608b3790-a526-4925-9ef1-b8f529dd9713,1,438
252,musical_instrument_n_01,dresser_n_05,hypernym,musical_instrument.n.01,False,608b3790-a526-4925-9ef1-b8f529dd9713,1,571
253,file_n_04,cradle_n_01,bl,hand_tool.n.01,False,608b3790-a526-4925-9ef1-b8f529dd9713,1,643
254,necktie_n_01,love_seat_n_01,bl,clothing.n.01,False,608b3790-a526-4925-9ef1-b8f529dd9713,1,954
255,furniture_n_01,church_key_n_01,hypernym,furniture.n.01,False,608b3790-a526-4925-9ef1-b8f529dd9713,1,606
256,trowel_n_01,brick_trowel_n_01,bl,hand_tool.n.01,True,608b3790-a526-4925-9ef1-b8f529dd9713,1,671
257,clothing_n_01,nailfile_n_01,hypernym,clothing.n.01,False,608b3790-a526-4925-9ef1-b8f529dd9713,1,625
258,long_johns_n_01,long_johns_n_01,hyponym,clothing.n.01,True,608b3790-a526-4925-9ef1-b8f529dd9713,1,497
259,screwdriver_n_01,phillips_screwdriver_n_01,bl,hand_tool.n.01,True,608b3790-a526-4925-9ef1-b8f529dd9713,1,527
260,edible_fruit_n_01,watermelon_n_02,hypernym,edible_fruit.n.01,True,608b3790-a526-4925-9ef1-b8f529dd9713,1,425
261,lime_n_06,key_lime_n_01,bl,edible_fruit.n.01,True,608b3790-a526-4925-9ef1-b8f529dd9713,1,351
262,hammer_n_02,carpenters_hammer_n_01,bl,hand_tool.n.01,True,608b3790-a526-4925-9ef1-b8f529dd9713,1,462
263,lamp_n_02,blazer_n_01,bl,furniture.n.01,False,608b3790-a526-4925-9ef1-b8f529dd9713,1,626
264,needlenose_pliers_n_01,needlenose_pliers_n_01,hyponym,hand_tool.n.01,True,608b3790-a526-4925-9ef1-b8f529dd9713,1,579
265,armchair_n_01,armchair_n_01,hyponym,furniture.n.01,True,608b3790-a526-4925-9ef1-b8f529dd9713,1,1020
266,writing_desk_n_02,carpenters_square_n_01,hyponym,furniture.n.01,False,608b3790-a526-4925-9ef1-b8f529dd9713,1,807
267,shirt_n_01,granadilla_n_04,bl,clothing.n.01,False,608b3790-a526-4925-9ef1-b8f529dd9713,1,513
268,muffler_n_02,coffee_table_n_01,hyponym,clothing.n.01,False,608b3790-a526-4925-9ef1-b8f529dd9713,1,1484
269,trouser_n_01,sweat_pants_n_01,bl,clothing.n.01,True,608b3790-a526-4925-9ef1-b8f529dd9713,1,543
270,clothing_n_01,blazer_n_01,hypernym,clothing.n.01,True,608b3790-a526-4925-9ef1-b8f529dd9713,1,990
271,musical_instrument_n_01,armoire_n_01,hypernym,musical_instrument.n.01,False,608b3790-a526-4925-9ef1-b8f529dd9713,1,885
272,carpenters_square_n_01,grand_piano_n_01,hyponym,hand_tool.n.01,False,608b3790-a526-4925-9ef1-b8f529dd9713,1,658
273,coat_n_01,raincoat_n_01,bl,clothing.n.01,True,608b3790-a526-4925-9ef1-b8f529dd9713,1,1831
274,key_lime_n_01,key_lime_n_01,hyponym,edible_fruit.n.01,True,608b3790-a526-4925-9ef1-b8f529dd9713,1,700
275,musical_instrument_n_01,carpenters_square_n_01,hypernym,musical_instrument.n.01,False,608b3790-a526-4925-9ef1-b8f529dd9713,1,1406
276,brassiere_n_01,phillips_screwdriver_n_01,bl,clothing.n.01,False,608b3790-a526-4925-9ef1-b8f529dd9713,1,518
277,sweat_pants_n_01,sweat_pants_n_01,hyponym,clothing.n.01,True,608b3790-a526-4925-9ef1-b8f529dd9713,1,1232
278,harp_n_01,lyre_n_01,bl,musical_instrument.n.01,True,608b3790-a526-4925-9ef1-b8f529dd9713,1,635
279,bongo_n_01,carpenters_square_n_01,hyponym,musical_instrument.n.01,False,608b3790-a526-4925-9ef1-b8f529dd9713,1,507
280,oboe_n_01,miniskirt_n_01,bl,musical_instrument.n.01,False,608b3790-a526-4925-9ef1-b8f529dd9713,1,1459
281,granny_smith_n_01,granny_smith_n_01,hyponym,edible_fruit.n.01,True,608b3790-a526-4925-9ef1-b8f529dd9713,1,417
282,skirt_n_02,miniskirt_n_01,bl,clothing.n.01,True,608b3790-a526-4925-9ef1-b8f529dd9713,1,449
283,musette_n_01,musette_n_01,hyponym,musical_instrument.n.01,True,608b3790-a526-4925-9ef1-b8f529dd9713,1,571
284,cherry_n_03,brick_trowel_n_01,bl,edible_fruit.n.01,False,608b3790-a526-4925-9ef1-b8f529dd9713,1,604
285,jacket_n_01,bitter_orange_n_02,bl,clothing.n.01,False,608b3790-a526-4925-9ef1-b8f529dd9713,1,490
286,plum_n_02,damson_n_01,bl,edible_fruit.n.01,True,608b3790-a526-4925-9ef1-b8f529dd9713,1,438
287,coat_n_01,handsaw_n_01,bl,clothing.n.01,False,608b3790-a526-4925-9ef1-b8f529dd9713,1,708
288,clothing_n_01,bathrobe_n_01,hypernym,clothing.n.01,True,608b3790-a526-4925-9ef1-b8f529dd9713,1,421
289,orange_n_01,highhat_cymbal_n_01,bl,edible_fruit.n.01,False,608b3790-a526-4925-9ef1-b8f529dd9713,1,470
290,hand_tool_n_01,cherimoya_n_02,hypernym,hand_tool.n.01,False,608b3790-a526-4925-9ef1-b8f529dd9713,1,652
291,miniskirt_n_01,miniskirt_n_01,hyponym,clothing.n.01,True,608b3790-a526-4925-9ef1-b8f529dd9713,1,422
292,musical_instrument_n_01,cape_n_02,hypernym,musical_instrument.n.01,False,608b3790-a526-4925-9ef1-b8f529dd9713,1,504
293,furniture_n_01,bosc_n_01,hypernym,furniture.n.01,False,608b3790-a526-4925-9ef1-b8f529dd9713,1,495
294,damson_n_01,heckelphone_n_01,hyponym,edible_fruit.n.01,False,608b3790-a526-4925-9ef1-b8f529dd9713,1,746
295,bench_n_01,pew_n_01,bl,furniture.n.01,True,608b3790-a526-4925-9ef1-b8f529dd9713,1,553
296,campstool_n_01,miniskirt_n_01,hyponym,furniture.n.01,False,608b3790-a526-4925-9ef1-b8f529dd9713,1,481
297,brick_trowel_n_01,brick_trowel_n_01,hyponym,hand_tool.n.01,True,608b3790-a526-4925-9ef1-b8f529dd9713,1,497
298,awl_n_01,bradawl_n_01,bl,hand_tool.n.01,True,608b3790-a526-4925-9ef1-b8f529dd9713,1,1054
299,chair_n_01,armchair_n_01,bl,furniture.n.01,True,608b3790-a526-4925-9ef1-b8f529dd9713,1,618
300,passion_fruit_n_01,sweat_pants_n_01,bl,edible_fruit.n.01,False,608b3790-a526-4925-9ef1-b8f529dd9713,1,440
301,baby_bed_n_01,granadilla_n_04,bl,furniture.n.01,False,608b3790-a526-4925-9ef1-b8f529dd9713,1,522
302,square_n_08,sackbut_n_01,bl,hand_tool.n.01,False,608b3790-a526-4925-9ef1-b8f529dd9713,1,632
303,oboe_n_01,heckelphone_n_01,bl,musical_instrument.n.01,True,608b3790-a526-4925-9ef1-b8f529dd9713,1,460
304,cape_n_02,acoustic_guitar_n_01,hyponym,clothing.n.01,False,608b3790-a526-4925-9ef1-b8f529dd9713,1,897
305,necktie_n_01,bow_tie_n_01,bl,clothing.n.01,True,608b3790-a526-4925-9ef1-b8f529dd9713,1,804
306,plane_n_05,key_lime_n_01,bl,hand_tool.n.01,False,608b3790-a526-4925-9ef1-b8f529dd9713,1,1220
307,cape_n_02,cape_n_02,hyponym,clothing.n.01,True,608b3790-a526-4925-9ef1-b8f529dd9713,1,418
308,plum_n_02,spade_n_02,bl,edible_fruit.n.01,False,608b3790-a526-4925-9ef1-b8f529dd9713,1,864
309,furniture_n_01,pew_n_01,hypernym,furniture.n.01,True,608b3790-a526-4925-9ef1-b8f529dd9713,1,1461
310,underwear_n_01,heckelphone_n_01,bl,clothing.n.01,False,608b3790-a526-4925-9ef1-b8f529dd9713,1,1343
311,musical_instrument_n_01,musette_n_01,hypernym,musical_instrument.n.01,True,608b3790-a526-4925-9ef1-b8f529dd9713,1,676
312,apple_n_01,granny_smith_n_01,bl,edible_fruit.n.01,True,608b3790-a526-4925-9ef1-b8f529dd9713,1,1231
313,edible_fruit_n_01,bass_clarinet_n_01,hypernym,edible_fruit.n.01,False,608b3790-a526-4925-9ef1-b8f529dd9713,1,851
314,musical_instrument_n_01,bikini_n_02,hypernym,musical_instrument.n.01,False,608b3790-a526-4925-9ef1-b8f529dd9713,1,2282
315,clothing_n_01,sackbut_n_01,hypernym,clothing.n.01,False,608b3790-a526-4925-9ef1-b8f529dd9713,1,1139
316,handsaw_n_01,handsaw_n_01,hyponym,hand_tool.n.01,True,608b3790-a526-4925-9ef1-b8f529dd9713,1,907
317,edible_fruit_n_01,turtleneck_n_01,hypernym,edible_fruit.n.01,False,608b3790-a526-4925-9ef1-b8f529dd9713,1,776
318,floor_lamp_n_01,tank_top_n_01,hyponym,furniture.n.01,False,608b3790-a526-4925-9ef1-b8f529dd9713,1,3884
319,bathrobe_n_01,bongo_n_01,hyponym,clothing.n.01,False,608b3790-a526-4925-9ef1-b8f529dd9713,1,1639
320,furniture_n_01,armoire_n_01,hypernym,furniture.n.01,True,608b3790-a526-4925-9ef1-b8f529dd9713,1,1182
321,hand_tool_n_01,handsaw_n_01,hypernym,hand_tool.n.01,True,608b3790-a526-4925-9ef1-b8f529dd9713,1,402
322,hand_tool_n_01,putty_knife_n_01,hypernym,hand_tool.n.01,True,608b3790-a526-4925-9ef1-b8f529dd9713,1,363
323,musical_instrument_n_01,grand_piano_n_01,hypernym,musical_instrument.n.01,True,608b3790-a526-4925-9ef1-b8f529dd9713,1,508
324,bikini_n_02,watermelon_n_02,hyponym,clothing.n.01,False,608b3790-a526-4925-9ef1-b8f529dd9713,1,422
325,highboy_n_01,highboy_n_01,hyponym,furniture.n.01,True,608b3790-a526-4925-9ef1-b8f529dd9713,1,641
326,lyre_n_01,campstool_n_01,hyponym,musical_instrument.n.01,False,608b3790-a526-4925-9ef1-b8f529dd9713,1,625
327,long_johns_n_01,grand_piano_n_01,hyponym,clothing.n.01,False,608b3790-a526-4925-9ef1-b8f529dd9713,1,441
328,hand_tool_n_01,needlenose_pliers_n_01,hypernym,hand_tool.n.01,True,608b3790-a526-4925-9ef1-b8f529dd9713,1,694
329,hand_tool_n_01,stradavarius_n_01,hypernym,hand_tool.n.01,False,608b3790-a526-4925-9ef1-b8f529dd9713,1,500
330,euphonium_n_01,spade_n_02,hyponym,musical_instrument.n.01,False,608b3790-a526-4925-9ef1-b8f529dd9713,1,790
331,baby_bed_n_01,cradle_n_01,bl,furniture.n.01,True,608b3790-a526-4925-9ef1-b8f529dd9713,1,874
332,melon_n_01,watermelon_n_02,bl,edible_fruit.n.01,True,608b3790-a526-4925-9ef1-b8f529dd9713,1,815
333,edible_fruit_n_01,smooth_plane_n_01,hypernym,edible_fruit.n.01,False,608b3790-a526-4925-9ef1-b8f529dd9713,1,762
334,veil_n_01,face_veil_n_01,bl,clothing.n.01,True,608b3790-a526-4925-9ef1-b8f529dd9713,1,526
335,edible_fruit_n_01,granny_smith_n_01,hypernym,edible_fruit.n.01,True,608b3790-a526-4925-9ef1-b8f529dd9713,1,794
336,hand_tool_n_01,nailfile_n_01,hypernym,hand_tool.n.01,True,608b3790-a526-4925-9ef1-b8f529dd9713,2,774
337,musical_instrument_n_01,writing_desk_n_02,hypernym,musical_instrument.n.01,False,608b3790-a526-4925-9ef1-b8f529dd9713,1,2231
338,sackbut_n_01,sackbut_n_01,hyponym,musical_instrument.n.01,True,608b3790-a526-4925-9ef1-b8f529dd9713,1,728
339,business_suit_n_01,business_suit_n_01,hyponym,clothing.n.01,True,608b3790-a526-4925-9ef1-b8f529dd9713,1,672
340,violin_n_01,stradavarius_n_01,bl,musical_instrument.n.01,True,608b3790-a526-4925-9ef1-b8f529dd9713,1,486
341,cherimoya_n_02,cherimoya_n_02,hyponym,edible_fruit.n.01,True,608b3790-a526-4925-9ef1-b8f529dd9713,1,413
342,furniture_n_01,granny_smith_n_01,hypernym,furniture.n.01,False,608b3790-a526-4925-9ef1-b8f529dd9713,2,741
343,bitter_orange_n_02,uplift_n_02,hyponym,edible_fruit.n.01,False,608b3790-a526-4925-9ef1-b8f529dd9713,1,510
344,shovel_n_01,long_johns_n_01,bl,hand_tool.n.01,False,608b3790-a526-4925-9ef1-b8f529dd9713,1,486
345,bass_horn_n_01,euphonium_n_01,bl,musical_instrument.n.01,True,608b3790-a526-4925-9ef1-b8f529dd9713,1,725
346,custard_apple_n_02,long_johns_n_01,bl,edible_fruit.n.01,False,608b3790-a526-4925-9ef1-b8f529dd9713,1,609
347,clothing_n_01,miniskirt_n_01,hypernym,clothing.n.01,True,608b3790-a526-4925-9ef1-b8f529dd9713,1,634
348,edible_fruit_n_01,acoustic_guitar_n_01,hypernym,edible_fruit.n.01,False,608b3790-a526-4925-9ef1-b8f529dd9713,1,694
349,hand_tool_n_01,contrabassoon_n_01,hypernym,hand_tool.n.01,False,608b3790-a526-4925-9ef1-b8f529dd9713,1,1315
350,sofa_n_01,crescent_wrench_n_01,bl,furniture.n.01,False,608b3790-a526-4925-9ef1-b8f529dd9713,1,496
351,clothing_n_01,carpenters_hammer_n_01,hypernym,clothing.n.01,False,608b3790-a526-4925-9ef1-b8f529dd9713,1,644
352,smooth_plane_n_01,smooth_plane_n_01,hyponym,hand_tool.n.01,True,608b3790-a526-4925-9ef1-b8f529dd9713,1,400
353,clothing_n_01,business_suit_n_01,hypernym,clothing.n.01,True,608b3790-a526-4925-9ef1-b8f529dd9713,1,702
354,musette_n_01,business_suit_n_01,hyponym,musical_instrument.n.01,False,608b3790-a526-4925-9ef1-b8f529dd9713,1,769
355,skirt_n_02,phillips_screwdriver_n_01,bl,clothing.n.01,False,608b3790-a526-4925-9ef1-b8f529dd9713,1,799
356,highhat_cymbal_n_01,highhat_cymbal_n_01,hyponym,musical_instrument.n.01,True,608b3790-a526-4925-9ef1-b8f529dd9713,1,1101
357,table_n_02,lyre_n_01,bl,furniture.n.01,False,608b3790-a526-4925-9ef1-b8f529dd9713,1,743
358,stool_n_01,campstool_n_01,bl,furniture.n.01,True,608b3790-a526-4925-9ef1-b8f529dd9713,1,389
359,sofa_n_01,love_seat_n_01,bl,furniture.n.01,True,608b3790-a526-4925-9ef1-b8f529dd9713,1,441
360,edible_fruit_n_01,needlenose_pliers_n_01,hypernym,edible_fruit.n.01,False,608b3790-a526-4925-9ef1-b8f529dd9713,1,939
361,grand_piano_n_01,grand_piano_n_01,hyponym,musical_instrument.n.01,True,608b3790-a526-4925-9ef1-b8f529dd9713,1,619
362,robe_n_01,sultana_n_01,bl,clothing.n.01,False,608b3790-a526-4925-9ef1-b8f529dd9713,1,2057
363,saw_n_02,handsaw_n_01,bl,hand_tool.n.01,True,608b3790-a526-4925-9ef1-b8f529dd9713,1,2459
364,square_n_08,carpenters_square_n_01,bl,hand_tool.n.01,True,608b3790-a526-4925-9ef1-b8f529dd9713,1,851
365,blazer_n_01,blazer_n_01,hyponym,clothing.n.01,True,608b3790-a526-4925-9ef1-b8f529dd9713,1,1882
366,furniture_n_01,long_johns_n_01,hypernym,furniture.n.01,False,608b3790-a526-4925-9ef1-b8f529dd9713,1,505
367,furniture_n_01,campstool_n_01,hypernym,furniture.n.01,True,608b3790-a526-4925-9ef1-b8f529dd9713,1,2979
368,musical_instrument_n_01,heckelphone_n_01,hypernym,musical_instrument.n.01,True,608b3790-a526-4925-9ef1-b8f529dd9713,1,3762
369,handsaw_n_01,business_suit_n_01,hyponym,hand_tool.n.01,False,608b3790-a526-4925-9ef1-b8f529dd9713,1,798
370,drum_n_01,bradawl_n_01,bl,musical_instrument.n.01,False,608b3790-a526-4925-9ef1-b8f529dd9713,1,4666
371,bosc_n_01,bosc_n_01,hyponym,edible_fruit.n.01,True,608b3790-a526-4925-9ef1-b8f529dd9713,1,348
372,watermelon_n_02,watermelon_n_02,hyponym,edible_fruit.n.01,True,608b3790-a526-4925-9ef1-b8f529dd9713,1,478
373,clothing_n_01,turtleneck_n_01,hypernym,clothing.n.01,True,608b3790-a526-4925-9ef1-b8f529dd9713,1,1698
374,mandarin_n_05,clementine_n_02,bl,edible_fruit.n.01,True,608b3790-a526-4925-9ef1-b8f529dd9713,1,336
375,spinet_n_02,blazer_n_01,hyponym,musical_instrument.n.01,False,608b3790-a526-4925-9ef1-b8f529dd9713,1,569
376,clementine_n_02,raincoat_n_01,hyponym,edible_fruit.n.01,False,608b3790-a526-4925-9ef1-b8f529dd9713,1,492
377,harp_n_01,writing_desk_n_02,bl,musical_instrument.n.01,False,608b3790-a526-4925-9ef1-b8f529dd9713,1,695
378,dresser_n_05,bitter_orange_n_02,hyponym,furniture.n.01,False,608b3790-a526-4925-9ef1-b8f529dd9713,1,575
379,campstool_n_01,campstool_n_01,hyponym,furniture.n.01,True,608b3790-a526-4925-9ef1-b8f529dd9713,1,340
380,spatula_n_02,putty_knife_n_01,bl,hand_tool.n.01,True,608b3790-a526-4925-9ef1-b8f529dd9713,1,1631
381,clothing_n_01,cathedra_n_01,hypernym,clothing.n.01,False,608b3790-a526-4925-9ef1-b8f529dd9713,1,759
382,desk_n_01,smooth_plane_n_01,bl,furniture.n.01,False,608b3790-a526-4925-9ef1-b8f529dd9713,1,557
383,armchair_n_01,contrabassoon_n_01,hyponym,furniture.n.01,False,608b3790-a526-4925-9ef1-b8f529dd9713,1,490
384,furniture_n_01,dresser_n_05,hypernym,furniture.n.01,True,608b3790-a526-4925-9ef1-b8f529dd9713,1,1006
385,highboy_n_01,bathrobe_n_01,hyponym,furniture.n.01,False,608b3790-a526-4925-9ef1-b8f529dd9713,1,551
386,hand_tool_n_01,uplift_n_02,hypernym,hand_tool.n.01,False,608b3790-a526-4925-9ef1-b8f529dd9713,1,783
387,apple_n_01,floor_lamp_n_01,bl,edible_fruit.n.01,False,608b3790-a526-4925-9ef1-b8f529dd9713,1,465
388,musical_instrument_n_01,sackbut_n_01,hypernym,musical_instrument.n.01,True,608b3790-a526-4925-9ef1-b8f529dd9713,1,954
389,plane_n_05,smooth_plane_n_01,bl,hand_tool.n.01,True,608b3790-a526-4925-9ef1-b8f529dd9713,1,675
390,cloak_n_02,cape_n_02,bl,clothing.n.01,True,608b3790-a526-4925-9ef1-b8f529dd9713,1,605
391,clothing_n_01,pew_n_01,hypernym,clothing.n.01,False,608b3790-a526-4925-9ef1-b8f529dd9713,1,599
392,acoustic_guitar_n_01,handsaw_n_01,hyponym,musical_instrument.n.01,False,608b3790-a526-4925-9ef1-b8f529dd9713,1,591
393,clothing_n_01,dresser_n_05,hypernym,clothing.n.01,False,608b3790-a526-4925-9ef1-b8f529dd9713,1,2021
394,clothing_n_01,armoire_n_01,hypernym,clothing.n.01,False,608b3790-a526-4925-9ef1-b8f529dd9713,1,690
395,grape_n_01,campstool_n_01,bl,edible_fruit.n.01,False,608b3790-a526-4925-9ef1-b8f529dd9713,1,558
396,bunk_bed_n_01,tank_top_n_01,hyponym,furniture.n.01,False,608b3790-a526-4925-9ef1-b8f529dd9713,1,522
397,grand_piano_n_01,muffler_n_02,hyponym,musical_instrument.n.01,False,608b3790-a526-4925-9ef1-b8f529dd9713,1,682
398,clothing_n_01,tank_top_n_01,hypernym,clothing.n.01,True,608b3790-a526-4925-9ef1-b8f529dd9713,1,515
399,stradavarius_n_01,armchair_n_01,hyponym,musical_instrument.n.01,False,608b3790-a526-4925-9ef1-b8f529dd9713,1,411
400,clothing_n_01,highhat_cymbal_n_01,hypernym,clothing.n.01,False,608b3790-a526-4925-9ef1-b8f529dd9713,1,550
401,cherry_n_03,heart_cherry_n_02,bl,edible_fruit.n.01,True,608b3790-a526-4925-9ef1-b8f529dd9713,1,402
402,uplift_n_02,uplift_n_02,hyponym,clothing.n.01,True,608b3790-a526-4925-9ef1-b8f529dd9713,1,499
403,cradle_n_01,damson_n_01,hyponym,furniture.n.01,False,608b3790-a526-4925-9ef1-b8f529dd9713,1,462
404,hand_tool_n_01,spade_n_02,hypernym,hand_tool.n.01,True,608b3790-a526-4925-9ef1-b8f529dd9713,2,553
405,contrabassoon_n_01,contrabassoon_n_01,hyponym,musical_instrument.n.01,True,608b3790-a526-4925-9ef1-b8f529dd9713,1,1271
406,love_seat_n_01,love_seat_n_01,hyponym,furniture.n.01,True,608b3790-a526-4925-9ef1-b8f529dd9713,1,334
407,turtleneck_n_01,turtleneck_n_01,hyponym,clothing.n.01,True,608b3790-a526-4925-9ef1-b8f529dd9713,1,423
408,wardrobe_n_01,sultana_n_01,bl,furniture.n.01,False,608b3790-a526-4925-9ef1-b8f529dd9713,1,514
409,granadilla_n_04,granadilla_n_04,hyponym,edible_fruit.n.01,True,608b3790-a526-4925-9ef1-b8f529dd9713,1,422
410,hand_tool_n_01,uplift_n_02,hypernym,hand_tool.n.01,False,608b3790-a526-4925-9ef1-b8f529dd9713,1,544
411,hand_tool_n_01,writing_desk_n_02,hypernym,hand_tool.n.01,False,608b3790-a526-4925-9ef1-b8f529dd9713,1,562
412,trombone_n_01,bosc_n_01,bl,musical_instrument.n.01,False,608b3790-a526-4925-9ef1-b8f529dd9713,1,459
413,cabinet_n_01,cherimoya_n_02,bl,furniture.n.01,False,608b3790-a526-4925-9ef1-b8f529dd9713,1,491
414,carpenters_square_n_01,carpenters_square_n_01,hyponym,hand_tool.n.01,True,608b3790-a526-4925-9ef1-b8f529dd9713,1,430
415,bench_n_01,granny_smith_n_01,bl,furniture.n.01,False,608b3790-a526-4925-9ef1-b8f529dd9713,1,462
416,hand_tool_n_01,church_key_n_01,hypernym,hand_tool.n.01,True,608b3790-a526-4925-9ef1-b8f529dd9713,1,3248
417,needlenose_pliers_n_01,bunk_bed_n_01,hyponym,hand_tool.n.01,False,608b3790-a526-4925-9ef1-b8f529dd9713,1,1702
418,musical_instrument_n_01,pew_n_01,hypernym,musical_instrument.n.01,False,608b3790-a526-4925-9ef1-b8f529dd9713,1,1538
419,church_key_n_01,church_key_n_01,hyponym,hand_tool.n.01,True,608b3790-a526-4925-9ef1-b8f529dd9713,2,806
420,bassoon_n_01,highboy_n_01,bl,musical_instrument.n.01,False,608b3790-a526-4925-9ef1-b8f529dd9713,1,593
421,chest_of_drawers_n_01,bikini_n_02,bl,furniture.n.01,False,608b3790-a526-4925-9ef1-b8f529dd9713,1,459
422,clarinet_n_01,armoire_n_01,bl,musical_instrument.n.01,False,608b3790-a526-4925-9ef1-b8f529dd9713,1,1609
423,edible_fruit_n_01,cherimoya_n_02,hypernym,edible_fruit.n.01,True,608b3790-a526-4925-9ef1-b8f529dd9713,1,860
424,pliers_n_01,needlenose_pliers_n_01,bl,hand_tool.n.01,True,608b3790-a526-4925-9ef1-b8f529dd9713,1,368
425,hammer_n_02,granadilla_n_04,bl,hand_tool.n.01,False,608b3790-a526-4925-9ef1-b8f529dd9713,1,428
426,veil_n_01,lyre_n_01,bl,clothing.n.01,False,608b3790-a526-4925-9ef1-b8f529dd9713,1,521
427,furniture_n_01,miniskirt_n_01,hypernym,furniture.n.01,False,608b3790-a526-4925-9ef1-b8f529dd9713,1,607
428,scarf_n_01,muffler_n_02,bl,clothing.n.01,True,608b3790-a526-4925-9ef1-b8f529dd9713,1,611
429,dresser_n_05,dresser_n_05,hyponym,furniture.n.01,True,608b3790-a526-4925-9ef1-b8f529dd9713,1,431
430,tank_top_n_01,watermelon_n_02,hyponym,clothing.n.01,False,608b3790-a526-4925-9ef1-b8f529dd9713,1,445
431,melon_n_01,spinet_n_02,bl,edible_fruit.n.01,False,608b3790-a526-4925-9ef1-b8f529dd9713,1,569
432,musical_instrument_n_01,highhat_cymbal_n_01,hypernym,musical_instrument.n.01,True,608b3790-a526-4925-9ef1-b8f529dd9713,1,815
433,putty_knife_n_01,putty_knife_n_01,hyponym,hand_tool.n.01,True,608b3790-a526-4925-9ef1-b8f529dd9713,1,703
434,clothing_n_01,raincoat_n_01,hypernym,clothing.n.01,True,608b3790-a526-4925-9ef1-b8f529dd9713,1,871
435,business_suit_n_01,highboy_n_01,hyponym,clothing.n.01,False,608b3790-a526-4925-9ef1-b8f529dd9713,1,641
436,hand_tool_n_01,bikini_n_02,hypernym,hand_tool.n.01,False,608b3790-a526-4925-9ef1-b8f529dd9713,1,683
437,edible_fruit_n_01,business_suit_n_01,hypernym,edible_fruit.n.01,False,608b3790-a526-4925-9ef1-b8f529dd9713,1,433
438,heckelphone_n_01,heckelphone_n_01,hyponym,musical_instrument.n.01,True,608b3790-a526-4925-9ef1-b8f529dd9713,1,637
439,edible_fruit_n_01,granadilla_n_04,hypernym,edible_fruit.n.01,True,608b3790-a526-4925-9ef1-b8f529dd9713,1,1058
440,muffler_n_02,muffler_n_02,hyponym,clothing.n.01,True,608b3790-a526-4925-9ef1-b8f529dd9713,1,1109
441,musical_instrument_n_01,needlenose_pliers_n_01,hypernym,musical_instrument.n.01,False,608b3790-a526-4925-9ef1-b8f529dd9713,1,1453
442,furniture_n_01,piccolo_n_01,hypernym,furniture.n.01,False,608b3790-a526-4925-9ef1-b8f529dd9713,1,543
443,edible_fruit_n_01,campstool_n_01,hypernym,edible_fruit.n.01,False,608b3790-a526-4925-9ef1-b8f529dd9713,1,547
444,spade_n_02,bow_tie_n_01,hyponym,hand_tool.n.01,False,608b3790-a526-4925-9ef1-b8f529dd9713,1,2262
445,wardrobe_n_01,armoire_n_01,bl,furniture.n.01,True,608b3790-a526-4925-9ef1-b8f529dd9713,1,1558
446,edible_fruit_n_01,bitter_orange_n_02,hypernym,edible_fruit.n.01,True,608b3790-a526-4925-9ef1-b8f529dd9713,1,709
447,lamp_n_02,floor_lamp_n_01,bl,furniture.n.01,True,608b3790-a526-4925-9ef1-b8f529dd9713,1,680
448,furniture_n_01,cathedra_n_01,hypernym,furniture.n.01,True,608b3790-a526-4925-9ef1-b8f529dd9713,1,1667
449,stool_n_01,tank_top_n_01,bl,furniture.n.01,False,608b3790-a526-4925-9ef1-b8f529dd9713,1,431
450,furniture_n_01,cradle_n_01,hypernym,furniture.n.01,True,608b3790-a526-4925-9ef1-b8f529dd9713,1,590
451,wrench_n_03,crescent_wrench_n_01,bl,hand_tool.n.01,True,608b3790-a526-4925-9ef1-b8f529dd9713,1,523
452,musical_instrument_n_01,bathrobe_n_01,hypernym,musical_instrument.n.01,False,608b3790-a526-4925-9ef1-b8f529dd9713,1,672
453,flute_n_01,crescent_wrench_n_01,bl,musical_instrument.n.01,False,608b3790-a526-4925-9ef1-b8f529dd9713,1,976
454,heart_cherry_n_02,bathrobe_n_01,hyponym,edible_fruit.n.01,False,608b3790-a526-4925-9ef1-b8f529dd9713,1,1429
455,furniture_n_01,highboy_n_01,hypernym,furniture.n.01,True,608b3790-a526-4925-9ef1-b8f529dd9713,1,802
456,saw_n_02,sweat_pants_n_01,bl,hand_tool.n.01,False,608b3790-a526-4925-9ef1-b8f529dd9713,2,3070
457,raincoat_n_01,carpenters_hammer_n_01,hyponym,clothing.n.01,False,608b3790-a526-4925-9ef1-b8f529dd9713,1,720
458,bongo_n_01,bongo_n_01,hyponym,musical_instrument.n.01,True,608b3790-a526-4925-9ef1-b8f529dd9713,1,456
459,guitar_n_01,nailfile_n_01,bl,musical_instrument.n.01,False,608b3790-a526-4925-9ef1-b8f529dd9713,1,539
460,bradawl_n_01,bradawl_n_01,hyponym,hand_tool.n.01,True,608b3790-a526-4925-9ef1-b8f529dd9713,1,532
461,hand_tool_n_01,carpenters_hammer_n_01,hypernym,hand_tool.n.01,True,608b3790-a526-4925-9ef1-b8f529dd9713,1,1397
462,suit_n_01,business_suit_n_01,bl,clothing.n.01,True,608b3790-a526-4925-9ef1-b8f529dd9713,1,377
463,musical_instrument_n_01,putty_knife_n_01,hypernym,musical_instrument.n.01,False,608b3790-a526-4925-9ef1-b8f529dd9713,1,940
464,clarinet_n_01,bass_clarinet_n_01,bl,musical_instrument.n.01,True,608b3790-a526-4925-9ef1-b8f529dd9713,1,785
465,writing_desk_n_02,writing_desk_n_02,hyponym,furniture.n.01,True,608b3790-a526-4925-9ef1-b8f529dd9713,1,398
466,furniture_n_01,stradavarius_n_01,hypernym,furniture.n.01,False,608b3790-a526-4925-9ef1-b8f529dd9713,1,617
467,carpenters_hammer_n_01,carpenters_hammer_n_01,hyponym,hand_tool.n.01,True,608b3790-a526-4925-9ef1-b8f529dd9713,1,445
468,turtleneck_n_01,heart_cherry_n_02,hyponym,clothing.n.01,False,608b3790-a526-4925-9ef1-b8f529dd9713,1,428
469,furniture_n_01,face_veil_n_01,hypernym,furniture.n.01,False,608b3790-a526-4925-9ef1-b8f529dd9713,1,785
470,edible_fruit_n_01,contrabassoon_n_01,hypernym,edible_fruit.n.01,False,608b3790-a526-4925-9ef1-b8f529dd9713,1,617
471,hand_tool_n_01,phillips_screwdriver_n_01,hypernym,hand_tool.n.01,True,608b3790-a526-4925-9ef1-b8f529dd9713,1,779
472,clothing_n_01,muffler_n_02,hypernym,clothing.n.01,True,608b3790-a526-4925-9ef1-b8f529dd9713,1,803
473,bunk_bed_n_01,bunk_bed_n_01,hyponym,furniture.n.01,True,608b3790-a526-4925-9ef1-b8f529dd9713,1,685
474,cathedra_n_01,cathedra_n_01,hyponym,furniture.n.01,True,608b3790-a526-4925-9ef1-b8f529dd9713,1,680
475,musical_instrument_n_01,contrabassoon_n_01,hypernym,musical_instrument.n.01,True,608b3790-a526-4925-9ef1-b8f529dd9713,1,378
476,acoustic_guitar_n_01,acoustic_guitar_n_01,hyponym,musical_instrument.n.01,True,608b3790-a526-4925-9ef1-b8f529dd9713,1,487
477,spinet_n_02,spinet_n_02,hyponym,musical_instrument.n.01,True,608b3790-a526-4925-9ef1-b8f529dd9713,1,651
478,robe_n_01,bathrobe_n_01,bl,clothing.n.01,True,608b3790-a526-4925-9ef1-b8f529dd9713,1,554
479,bow_tie_n_01,bunk_bed_n_01,hyponym,clothing.n.01,False,608b3790-a526-4925-9ef1-b8f529dd9713,1,1129
480,sweat_pants_n_01,highboy_n_01,hyponym,clothing.n.01,False,608b3790-a526-4925-9ef1-b8f529dd9713,2,3025
481,pear_n_01,phillips_screwdriver_n_01,bl,edible_fruit.n.01,False,608b3790-a526-4925-9ef1-b8f529dd9713,1,612
482,musical_instrument_n_01,armchair_n_01,hypernym,musical_instrument.n.01,False,608b3790-a526-4925-9ef1-b8f529dd9713,1,683
483,file_n_04,nailfile_n_01,bl,hand_tool.n.01,True,608b3790-a526-4925-9ef1-b8f529dd9713,1,375
484,church_key_n_01,grand_piano_n_01,hyponym,hand_tool.n.01,False,608b3790-a526-4925-9ef1-b8f529dd9713,1,413
485,face_veil_n_01,euphonium_n_01,hyponym,clothing.n.01,False,608b3790-a526-4925-9ef1-b8f529dd9713,1,468
486,edible_fruit_n_01,key_lime_n_01,hypernym,edible_fruit.n.01,True,608b3790-a526-4925-9ef1-b8f529dd9713,1,647
487,cymbal_n_01,highhat_cymbal_n_01,bl,musical_instrument.n.01,True,608b3790-a526-4925-9ef1-b8f529dd9713,1,822
488,lyre_n_01,lyre_n_01,hyponym,musical_instrument.n.01,True,608b3790-a526-4925-9ef1-b8f529dd9713,1,381
489,custard_apple_n_02,cherimoya_n_02,bl,edible_fruit.n.01,True,608b3790-a526-4925-9ef1-b8f529dd9713,1,504
490,guitar_n_01,acoustic_guitar_n_01,bl,musical_instrument.n.01,True,608b3790-a526-4925-9ef1-b8f529dd9713,1,479
491,pear_n_01,bosc_n_01,bl,edible_fruit.n.01,True,608b3790-a526-4925-9ef1-b8f529dd9713,1,605
492,brick_trowel_n_01,sweat_pants_n_01,hyponym,hand_tool.n.01,False,608b3790-a526-4925-9ef1-b8f529dd9713,1,510
493,clothing_n_01,long_johns_n_01,hypernym,clothing.n.01,True,608b3790-a526-4925-9ef1-b8f529dd9713,1,988
494,bass_horn_n_01,church_key_n_01,bl,musical_instrument.n.01,False,608b3790-a526-4925-9ef1-b8f529dd9713,1,573
495,furniture_n_01,armchair_n_01,hypernym,furniture.n.01,True,608b3790-a526-4925-9ef1-b8f529dd9713,1,512
496,bassoon_n_01,contrabassoon_n_01,bl,musical_instrument.n.01,True,608b3790-a526-4925-9ef1-b8f529dd9713,1,1126
497,bathrobe_n_01,bathrobe_n_01,hyponym,clothing.n.01,True,608b3790-a526-4925-9ef1-b8f529dd9713,1,599
498,can_opener_n_01,bass_clarinet_n_01,bl,hand_tool.n.01,False,608b3790-a526-4925-9ef1-b8f529dd9713,1,811
499,nailfile_n_01,nailfile_n_01,hyponym,hand_tool.n.01,True,608b3790-a526-4925-9ef1-b8f529dd9713,1,541
500,floor_lamp_n_01,floor_lamp_n_01,hyponym,furniture.n.01,True,608b3790-a526-4925-9ef1-b8f529dd9713,1,866
501,passion_fruit_n_01,granadilla_n_04,bl,edible_fruit.n.01,True,608b3790-a526-4925-9ef1-b8f529dd9713,1,622
502,bagpipe_n_01,bow_tie_n_01,bl,musical_instrument.n.01,False,608b3790-a526-4925-9ef1-b8f529dd9713,1,1762
503,grape_n_01,sultana_n_01,bl,edible_fruit.n.01,True,608b3790-a526-4925-9ef1-b8f529dd9713,1,422
504,hand_tool_n_01,granny_smith_n_01,hypernym,hand_tool.n.01,False,608b3790-a526-4925-9ef1-b8f529dd9713,1,472
505,highhat_cymbal_n_01,love_seat_n_01,hyponym,musical_instrument.n.01,False,608b3790-a526-4925-9ef1-b8f529dd9713,1,698
506,furniture_n_01,coffee_table_n_01,hypernym,furniture.n.01,True,608b3790-a526-4925-9ef1-b8f529dd9713,1,584
507,edible_fruit_n_01,dresser_n_05,hypernym,edible_fruit.n.01,False,608b3790-a526-4925-9ef1-b8f529dd9713,1,657
508,coffee_table_n_01,bongo_n_01,hyponym,furniture.n.01,False,608b3790-a526-4925-9ef1-b8f529dd9713,1,566
509,musical_instrument_n_01,piccolo_n_01,hypernym,musical_instrument.n.01,True,608b3790-a526-4925-9ef1-b8f529dd9713,1,841
510,trombone_n_01,sackbut_n_01,bl,musical_instrument.n.01,True,608b3790-a526-4925-9ef1-b8f529dd9713,1,886
511,chair_n_01,highhat_cymbal_n_01,bl,furniture.n.01,False,608b3790-a526-4925-9ef1-b8f529dd9713,1,712
512,cabinet_n_01,dresser_n_05,bl,furniture.n.01,True,608b3790-a526-4925-9ef1-b8f529dd9713,1,572
513,bagpipe_n_01,musette_n_01,bl,musical_instrument.n.01,True,608b3790-a526-4925-9ef1-b8f529dd9713,1,707
514,musical_instrument_n_01,bongo_n_01,hypernym,musical_instrument.n.01,True,608b3790-a526-4925-9ef1-b8f529dd9713,1,523
515,can_opener_n_01,church_key_n_01,bl,hand_tool.n.01,True,608b3790-a526-4925-9ef1-b8f529dd9713,1,465
516,sultana_n_01,putty_knife_n_01,hyponym,edible_fruit.n.01,False,608b3790-a526-4925-9ef1-b8f529dd9713,1,482
517,clothing_n_01,bikini_n_02,hypernym,clothing.n.01,True,608b3790-a526-4925-9ef1-b8f529dd9713,1,463
518,throne_n_01,cathedra_n_01,bl,furniture.n.01,True,608b3790-a526-4925-9ef1-b8f529dd9713,1,481
519,nailfile_n_01,pew_n_01,hyponym,hand_tool.n.01,False,608b3790-a526-4925-9ef1-b8f529dd9713,1,675
520,contrabassoon_n_01,cathedra_n_01,hyponym,musical_instrument.n.01,False,608b3790-a526-4925-9ef1-b8f529dd9713,1,478
521,sackbut_n_01,watermelon_n_02,hyponym,musical_instrument.n.01,False,608b3790-a526-4925-9ef1-b8f529dd9713,1,509
522,key_lime_n_01,face_veil_n_01,hyponym,edible_fruit.n.01,False,608b3790-a526-4925-9ef1-b8f529dd9713,1,492
523,coffee_table_n_01,coffee_table_n_01,hyponym,furniture.n.01,True,608b3790-a526-4925-9ef1-b8f529dd9713,1,551
524,putty_knife_n_01,cradle_n_01,hyponym,hand_tool.n.01,False,608b3790-a526-4925-9ef1-b8f529dd9713,1,648
525,damson_n_01,damson_n_01,hyponym,edible_fruit.n.01,True,608b3790-a526-4925-9ef1-b8f529dd9713,1,393
526,clothing_n_01,spinet_n_02,hypernym,clothing.n.01,False,608b3790-a526-4925-9ef1-b8f529dd9713,1,528
527,heart_cherry_n_02,heart_cherry_n_02,hyponym,edible_fruit.n.01,True,608b3790-a526-4925-9ef1-b8f529dd9713,1,611
528,clothing_n_01,damson_n_01,hypernym,clothing.n.01,False,608b3790-a526-4925-9ef1-b8f529dd9713,1,856
529,clothing_n_01,cape_n_02,hypernym,clothing.n.01,True,608b3790-a526-4925-9ef1-b8f529dd9713,1,495
530,piano_n_01,grand_piano_n_01,bl,musical_instrument.n.01,True,608b3790-a526-4925-9ef1-b8f529dd9713,1,576
531,carpenters_hammer_n_01,love_seat_n_01,hyponym,hand_tool.n.01,False,608b3790-a526-4925-9ef1-b8f529dd9713,1,543
532,hand_tool_n_01,raincoat_n_01,hypernym,hand_tool.n.01,False,608b3790-a526-4925-9ef1-b8f529dd9713,1,523
533,love_seat_n_01,bradawl_n_01,hyponym,furniture.n.01,False,608b3790-a526-4925-9ef1-b8f529dd9713,1,445
534,bass_clarinet_n_01,spade_n_02,hyponym,musical_instrument.n.01,False,608b3790-a526-4925-9ef1-b8f529dd9713,1,586
535,shirt_n_01,tank_top_n_01,bl,clothing.n.01,True,608b3790-a526-4925-9ef1-b8f529dd9713,1,384
536,hand_tool_n_01,carpenters_square_n_01,hypernym,hand_tool.n.01,True,608b3790-a526-4925-9ef1-b8f529dd9713,1,942
537,clothing_n_01,bosc_n_01,hypernym,clothing.n.01,False,608b3790-a526-4925-9ef1-b8f529dd9713,1,583
538,cathedra_n_01,heart_cherry_n_02,hyponym,furniture.n.01,False,608b3790-a526-4925-9ef1-b8f529dd9713,1,705
539,hand_tool_n_01,piccolo_n_01,hypernym,hand_tool.n.01,False,608b3790-a526-4925-9ef1-b8f529dd9713,1,868
540,awl_n_01,cape_n_02,bl,hand_tool.n.01,False,608b3790-a526-4925-9ef1-b8f529dd9713,1,464
541,pliers_n_01,floor_lamp_n_01,bl,hand_tool.n.01,False,608b3790-a526-4925-9ef1-b8f529dd9713,1,1132
542,miniskirt_n_01,bradawl_n_01,hyponym,clothing.n.01,False,608b3790-a526-4925-9ef1-b8f529dd9713,1,1733
543,scarf_n_01,cathedra_n_01,bl,clothing.n.01,False,608b3790-a526-4925-9ef1-b8f529dd9713,1,546
544,furniture_n_01,musette_n_01,hypernym,furniture.n.01,False,608b3790-a526-4925-9ef1-b8f529dd9713,1,599
545,orange_n_01,bitter_orange_n_02,bl,edible_fruit.n.01,True,608b3790-a526-4925-9ef1-b8f529dd9713,1,531
546,flute_n_01,piccolo_n_01,bl,musical_instrument.n.01,True,608b3790-a526-4925-9ef1-b8f529dd9713,1,742
547,mandarin_n_05,armchair_n_01,bl,edible_fruit.n.01,False,608b3790-a526-4925-9ef1-b8f529dd9713,1,457
548,harpsichord_n_01,spinet_n_02,bl,musical_instrument.n.01,True,608b3790-a526-4925-9ef1-b8f529dd9713,1,828
549,furniture_n_01,bunk_bed_n_01,hypernym,furniture.n.01,True,608b3790-a526-4925-9ef1-b8f529dd9713,1,557
550,bosc_n_01,brick_trowel_n_01,hyponym,edible_fruit.n.01,False,608b3790-a526-4925-9ef1-b8f529dd9713,1,437
551,bed_n_01,turtleneck_n_01,bl,furniture.n.01,False,608b3790-a526-4925-9ef1-b8f529dd9713,1,491
552,jacket_n_01,blazer_n_01,bl,clothing.n.01,True,608b3790-a526-4925-9ef1-b8f529dd9713,1,531
553,cloak_n_02,bongo_n_01,bl,clothing.n.01,False,608b3790-a526-4925-9ef1-b8f529dd9713,1,707
554,edible_fruit_n_01,cradle_n_01,hypernym,edible_fruit.n.01,False,608b3790-a526-4925-9ef1-b8f529dd9713,1,2195
555,edible_fruit_n_01,piccolo_n_01,hypernym,edible_fruit.n.01,False,608b3790-a526-4925-9ef1-b8f529dd9713,1,552
556,face_veil_n_01,face_veil_n_01,hyponym,clothing.n.01,True,608b3790-a526-4925-9ef1-b8f529dd9713,1,407
557,trouser_n_01,lyre_n_01,bl,clothing.n.01,False,608b3790-a526-4925-9ef1-b8f529dd9713,1,381
558,hand_tool_n_01,brick_trowel_n_01,hypernym,hand_tool.n.01,True,608b3790-a526-4925-9ef1-b8f529dd9713,1,614
559,bass_clarinet_n_01,bass_clarinet_n_01,hyponym,musical_instrument.n.01,True,608b3790-a526-4925-9ef1-b8f529dd9713,1,484
560,euphonium_n_01,euphonium_n_01,hyponym,musical_instrument.n.01,True,608b3790-a526-4925-9ef1-b8f529dd9713,1,629
561,clothing_n_01,euphonium_n_01,hypernym,clothing.n.01,False,608b3790-a526-4925-9ef1-b8f529dd9713,1,501
562,musical_instrument_n_01,bitter_orange_n_02,hypernym,musical_instrument.n.01,False,608b3790-a526-4925-9ef1-b8f529dd9713,1,531
563,tank_top_n_01,tank_top_n_01,hyponym,clothing.n.01,True,608b3790-a526-4925-9ef1-b8f529dd9713,1,371
564,cymbal_n_01,bunk_bed_n_01,bl,musical_instrument.n.01,False,608b3790-a526-4925-9ef1-b8f529dd9713,1,519
565,musical_instrument_n_01,needlenose_pliers_n_01,hypernym,musical_instrument.n.01,False,608b3790-a526-4925-9ef1-b8f529dd9713,1,825
566,smooth_plane_n_01,damson_n_01,hyponym,hand_tool.n.01,False,608b3790-a526-4925-9ef1-b8f529dd9713,1,489
567,furniture_n_01,handsaw_n_01,hypernym,furniture.n.01,False,608b3790-a526-4925-9ef1-b8f529dd9713,1,429
568,piccolo_n_01,piccolo_n_01,hyponym,musical_instrument.n.01,True,608b3790-a526-4925-9ef1-b8f529dd9713,1,447
569,hand_tool_n_01,crescent_wrench_n_01,hypernym,hand_tool.n.01,True,608b3790-a526-4925-9ef1-b8f529dd9713,1,492
570,trowel_n_01,cape_n_02,bl,hand_tool.n.01,False,608b3790-a526-4925-9ef1-b8f529dd9713,1,1070
571,cherimoya_n_02,crescent_wrench_n_01,hyponym,edible_fruit.n.01,False,608b3790-a526-4925-9ef1-b8f529dd9713,1,487
572,lime_n_06,floor_lamp_n_01,bl,edible_fruit.n.01,False,608b3790-a526-4925-9ef1-b8f529dd9713,1,512
573,musical_instrument_n_01,stradavarius_n_01,hypernym,musical_instrument.n.01,True,608b3790-a526-4925-9ef1-b8f529dd9713,1,424
574,bradawl_n_01,bass_clarinet_n_01,hyponym,hand_tool.n.01,False,608b3790-a526-4925-9ef1-b8f529dd9713,1,570
575,suit_n_01,sackbut_n_01,bl,clothing.n.01,False,608b3790-a526-4925-9ef1-b8f529dd9713,1,769
576,clothing_n_01,sweat_pants_n_01,hypernym,clothing.n.01,True,608b3790-a526-4925-9ef1-b8f529dd9713,1,576
577,granadilla_n_04,carpenters_hammer_n_01,hyponym,edible_fruit.n.01,False,608b3790-a526-4925-9ef1-b8f529dd9713,1,407
578,crescent_wrench_n_01,crescent_wrench_n_01,hyponym,hand_tool.n.01,True,608b3790-a526-4925-9ef1-b8f529dd9713,1,718
579,furniture_n_01,turtleneck_n_01,hypernym,furniture.n.01,False,608b3790-a526-4925-9ef1-b8f529dd9713,1,851
580,phillips_screwdriver_n_01,musette_n_01,hyponym,hand_tool.n.01,False,608b3790-a526-4925-9ef1-b8f529dd9713,1,609
581,sweater_n_01,cherimoya_n_02,bl,clothing.n.01,False,608b3790-a526-4925-9ef1-b8f529dd9713,1,470
582,throne_n_01,clementine_n_02,bl,furniture.n.01,False,608b3790-a526-4925-9ef1-b8f529dd9713,1,404
583,clothing_n_01,uplift_n_02,hypernym,clothing.n.01,True,608b3790-a526-4925-9ef1-b8f529dd9713,1,572
584,bow_tie_n_01,bow_tie_n_01,hyponym,clothing.n.01,True,608b3790-a526-4925-9ef1-b8f529dd9713,1,482
585,blazer_n_01,sultana_n_01,hyponym,clothing.n.01,False,608b3790-a526-4925-9ef1-b8f529dd9713,1,754
586,swimsuit_n_01,bikini_n_02,bl,clothing.n.01,True,608b3790-a526-4925-9ef1-b8f529dd9713,1,1093
587,edible_fruit_n_01,damson_n_01,hypernym,edible_fruit.n.01,True,608b3790-a526-4925-9ef1-b8f529dd9713,1,1172
588,hand_tool_n_01,raincoat_n_01,hypernym,hand_tool.n.01,False,608b3790-a526-4925-9ef1-b8f529dd9713,1,1137
589,wrench_n_03,muffler_n_02,bl,hand_tool.n.01,False,608b3790-a526-4925-9ef1-b8f529dd9713,1,742
590,armoire_n_01,armoire_n_01,hyponym,furniture.n.01,True,608b3790-a526-4925-9ef1-b8f529dd9713,1,566
591,sweater_n_01,turtleneck_n_01,bl,clothing.n.01,True,608b3790-a526-4925-9ef1-b8f529dd9713,1,583
592,pew_n_01,pew_n_01,hyponym,furniture.n.01,True,608b3790-a526-4925-9ef1-b8f529dd9713,1,1138
593,hand_tool_n_01,bradawl_n_01,hypernym,hand_tool.n.01,True,608b3790-a526-4925-9ef1-b8f529dd9713,1,2438
594,edible_fruit_n_01,bosc_n_01,hypernym,edible_fruit.n.01,True,608b3790-a526-4925-9ef1-b8f529dd9713,1,548
595,musical_instrument_n_01,putty_knife_n_01,hypernym,musical_instrument.n.01,False,608b3790-a526-4925-9ef1-b8f529dd9713,1,2912
596,violin_n_01,smooth_plane_n_01,bl,musical_instrument.n.01,False,608b3790-a526-4925-9ef1-b8f529dd9713,1,1143
597,screwdriver_n_01,euphonium_n_01,bl,hand_tool.n.01,False,608b3790-a526-4925-9ef1-b8f529dd9713,1,858
598,pew_n_01,heart_cherry_n_02,hyponym,furniture.n.01,False,608b3790-a526-4925-9ef1-b8f529dd9713,1,451
599,musical_instrument_n_01,bass_clarinet_n_01,hypernym,musical_instrument.n.01,True,608b3790-a526-4925-9ef1-b8f529dd9713,1,380
600,musical_instrument_n_01,lyre_n_01,hypernym,musical_instrument.n.01,True,608b3790-a526-4925-9ef1-b8f529dd9713,1,410
601,edible_fruit_n_01,heart_cherry_n_02,hypernym,edible_fruit.n.01,True,608b3790-a526-4925-9ef1-b8f529dd9713,1,355
602,furniture_n_01,floor_lamp_n_01,hypernym,furniture.n.01,True,608b3790-a526-4925-9ef1-b8f529dd9713,1,473
603,musical_instrument_n_01,acoustic_guitar_n_01,hypernym,musical_instrument.n.01,True,608b3790-a526-4925-9ef1-b8f529dd9713,1,332
604,hand_tool_n_01,smooth_plane_n_01,hypernym,hand_tool.n.01,True,608b3790-a526-4925-9ef1-b8f529dd9713,1,471
605,furniture_n_01,nailfile_n_01,hypernym,furniture.n.01,False,608b3790-a526-4925-9ef1-b8f529dd9713,1,587
606,sultana_n_01,sultana_n_01,hyponym,edible_fruit.n.01,True,608b3790-a526-4925-9ef1-b8f529dd9713,1,289
607,spade_n_02,spade_n_02,hyponym,hand_tool.n.01,True,608b3790-a526-4925-9ef1-b8f529dd9713,1,496
608,clementine_n_02,clementine_n_02,hyponym,edible_fruit.n.01,True,608b3790-a526-4925-9ef1-b8f529dd9713,1,824
609,hand_tool_n_01,spinet_n_02,hypernym,hand_tool.n.01,False,608b3790-a526-4925-9ef1-b8f529dd9713,1,643
610,edible_fruit_n_01,clementine_n_02,hypernym,edible_fruit.n.01,True,608b3790-a526-4925-9ef1-b8f529dd9713,1,425
611,piccolo_n_01,church_key_n_01,hyponym,musical_instrument.n.01,False,608b3790-a526-4925-9ef1-b8f529dd9713,1,659
612,underwear_n_01,long_johns_n_01,bl,clothing.n.01,True,608b3790-a526-4925-9ef1-b8f529dd9713,1,499
613,drum_n_01,bongo_n_01,bl,musical_instrument.n.01,True,608b3790-a526-4925-9ef1-b8f529dd9713,1,359
614,clothing_n_01,face_veil_n_01,hypernym,clothing.n.01,True,608b3790-a526-4925-9ef1-b8f529dd9713,1,860
615,clothing_n_01,heckelphone_n_01,hypernym,clothing.n.01,False,608b3790-a526-4925-9ef1-b8f529dd9713,1,513
616,furniture_n_01,love_seat_n_01,hypernym,furniture.n.01,True,608b3790-a526-4925-9ef1-b8f529dd9713,1,485
617,chest_of_drawers_n_01,highboy_n_01,bl,furniture.n.01,True,608b3790-a526-4925-9ef1-b8f529dd9713,1,602
618,edible_fruit_n_01,sultana_n_01,hypernym,edible_fruit.n.01,True,608b3790-a526-4925-9ef1-b8f529dd9713,1,900
619,granny_smith_n_01,coffee_table_n_01,hyponym,edible_fruit.n.01,False,608b3790-a526-4925-9ef1-b8f529dd9713,1,795
620,phillips_screwdriver_n_01,phillips_screwdriver_n_01,hyponym,hand_tool.n.01,True,608b3790-a526-4925-9ef1-b8f529dd9713,1,369
621,raincoat_n_01,raincoat_n_01,hyponym,clothing.n.01,True,608b3790-a526-4925-9ef1-b8f529dd9713,1,491
622,bed_n_01,bunk_bed_n_01,bl,furniture.n.01,True,608b3790-a526-4925-9ef1-b8f529dd9713,1,418
623,clothing_n_01,bow_tie_n_01,hypernym,clothing.n.01,True,608b3790-a526-4925-9ef1-b8f529dd9713,1,583
624,crescent_wrench_n_01,blazer_n_01,hyponym,hand_tool.n.01,False,608b3790-a526-4925-9ef1-b8f529dd9713,1,973
625,swimsuit_n_01,clementine_n_02,bl,clothing.n.01,False,608b3790-a526-4925-9ef1-b8f529dd9713,1,3472
626,shovel_n_01,spade_n_02,bl,hand_tool.n.01,True,608b3790-a526-4925-9ef1-b8f529dd9713,2,2713
627,stradavarius_n_01,stradavarius_n_01,hyponym,musical_instrument.n.01,True,608b3790-a526-4925-9ef1-b8f529dd9713,1,723
628,heckelphone_n_01,muffler_n_02,hyponym,musical_instrument.n.01,False,608b3790-a526-4925-9ef1-b8f529dd9713,1,538
629,bitter_orange_n_02,bitter_orange_n_02,hyponym,edible_fruit.n.01,True,608b3790-a526-4925-9ef1-b8f529dd9713,1,268
630,musical_instrument_n_01,euphonium_n_01,hypernym,musical_instrument.n.01,True,608b3790-a526-4925-9ef1-b8f529dd9713,1,335
631,hand_tool_n_01,acoustic_guitar_n_01,hypernym,hand_tool.n.01,False,608b3790-a526-4925-9ef1-b8f529dd9713,1,502
632,desk_n_01,writing_desk_n_02,bl,furniture.n.01,True,608b3790-a526-4925-9ef1-b8f529dd9713,1,527
633,watermelon_n_02,stradavarius_n_01,hyponym,edible_fruit.n.01,False,608b3790-a526-4925-9ef1-b8f529dd9713,1,691
634,spatula_n_02,coffee_table_n_01,bl,hand_tool.n.01,False,608b3790-a526-4925-9ef1-b8f529dd9713,1,611
635,piano_n_01,bow_tie_n_01,bl,musical_instrument.n.01,False,608b3790-a526-4925-9ef1-b8f529dd9713,1,393
636,clothing_n_01,key_lime_n_01,hypernym,clothing.n.01,False,608b3790-a526-4925-9ef1-b8f529dd9713,1,430
637,musical_instrument_n_01,spinet_n_02,hypernym,musical_instrument.n.01,True,608b3790-a526-4925-9ef1-b8f529dd9713,1,661
638,harpsichord_n_01,face_veil_n_01,bl,musical_instrument.n.01,False,608b3790-a526-4925-9ef1-b8f529dd9713,1,979
639,brassiere_n_01,uplift_n_02,bl,clothing.n.01,True,608b3790-a526-4925-9ef1-b8f529dd9713,1,1227
640,armoire_n_01,clementine_n_02,hyponym,furniture.n.01,False,608b3790-a526-4925-9ef1-b8f529dd9713,1,1615
641,clothing_n_01,key_lime_n_01,hypernym,clothing.n.01,False,608b3790-a526-4925-9ef1-b8f529dd9713,1,358
642,uplift_n_02,brick_trowel_n_01,hyponym,clothing.n.01,False,608b3790-a526-4925-9ef1-b8f529dd9713,1,427
643,furniture_n_01,musette_n_01,hypernym,furniture.n.01,False,608b3790-a526-4925-9ef1-b8f529dd9713,1,562
644,bikini_n_02,bikini_n_02,hyponym,clothing.n.01,True,608b3790-a526-4925-9ef1-b8f529dd9713,1,401
645,furniture_n_01,writing_desk_n_02,hypernym,furniture.n.01,True,608b3790-a526-4925-9ef1-b8f529dd9713,1,759
646,table_n_02,coffee_table_n_01,bl,furniture.n.01,True,608b3790-a526-4925-9ef1-b8f529dd9713,1,526
647,cradle_n_01,cradle_n_01,hyponym,furniture.n.01,True,608b3790-a526-4925-9ef1-b8f529dd9713,1,521
648,musical_instrument_n_01,dresser_n_05,hypernym,musical_instrument.n.01,False,608b3790-a526-4925-9ef1-b8f529dd9713,2,445
649,file_n_04,cradle_n_01,bl,hand_tool.n.01,False,608b3790-a526-4925-9ef1-b8f529dd9713,1,450
650,necktie_n_01,love_seat_n_01,bl,clothing.n.01,False,608b3790-a526-4925-9ef1-b8f529dd9713,1,520
651,furniture_n_01,church_key_n_01,hypernym,furniture.n.01,False,608b3790-a526-4925-9ef1-b8f529dd9713,1,553
652,trowel_n_01,brick_trowel_n_01,bl,hand_tool.n.01,True,608b3790-a526-4925-9ef1-b8f529dd9713,1,524
653,clothing_n_01,nailfile_n_01,hypernym,clothing.n.01,False,608b3790-a526-4925-9ef1-b8f529dd9713,1,882
654,long_johns_n_01,long_johns_n_01,hyponym,clothing.n.01,True,608b3790-a526-4925-9ef1-b8f529dd9713,1,406
655,screwdriver_n_01,phillips_screwdriver_n_01,bl,hand_tool.n.01,True,608b3790-a526-4925-9ef1-b8f529dd9713,1,484
656,edible_fruit_n_01,watermelon_n_02,hypernym,edible_fruit.n.01,True,608b3790-a526-4925-9ef1-b8f529dd9713,1,1001
657,lime_n_06,key_lime_n_01,bl,edible_fruit.n.01,True,608b3790-a526-4925-9ef1-b8f529dd9713,1,651
658,hammer_n_02,carpenters_hammer_n_01,bl,hand_tool.n.01,True,608b3790-a526-4925-9ef1-b8f529dd9713,1,530
659,lamp_n_02,blazer_n_01,bl,furniture.n.01,False,608b3790-a526-4925-9ef1-b8f529dd9713,2,433
660,needlenose_pliers_n_01,needlenose_pliers_n_01,hyponym,hand_tool.n.01,True,608b3790-a526-4925-9ef1-b8f529dd9713,1,414
661,armchair_n_01,armchair_n_01,hyponym,furniture.n.01,True,608b3790-a526-4925-9ef1-b8f529dd9713,1,826
662,writing_desk_n_02,carpenters_square_n_01,hyponym,furniture.n.01,False,608b3790-a526-4925-9ef1-b8f529dd9713,2,1052
663,shirt_n_01,granadilla_n_04,bl,clothing.n.01,False,608b3790-a526-4925-9ef1-b8f529dd9713,2,1763
664,muffler_n_02,coffee_table_n_01,hyponym,clothing.n.01,False,608b3790-a526-4925-9ef1-b8f529dd9713,1,1120
665,trouser_n_01,sweat_pants_n_01,bl,clothing.n.01,True,608b3790-a526-4925-9ef1-b8f529dd9713,1,434
666,clothing_n_01,blazer_n_01,hypernym,clothing.n.01,True,608b3790-a526-4925-9ef1-b8f529dd9713,1,532
667,musical_instrument_n_01,armoire_n_01,hypernym,musical_instrument.n.01,False,608b3790-a526-4925-9ef1-b8f529dd9713,1,453
668,carpenters_square_n_01,grand_piano_n_01,hyponym,hand_tool.n.01,False,608b3790-a526-4925-9ef1-b8f529dd9713,1,760
669,coat_n_01,raincoat_n_01,bl,clothing.n.01,True,608b3790-a526-4925-9ef1-b8f529dd9713,1,617
670,key_lime_n_01,key_lime_n_01,hyponym,edible_fruit.n.01,True,608b3790-a526-4925-9ef1-b8f529dd9713,1,487
671,musical_instrument_n_01,carpenters_square_n_01,hypernym,musical_instrument.n.01,False,608b3790-a526-4925-9ef1-b8f529dd9713,1,735
672,brassiere_n_01,phillips_screwdriver_n_01,bl,clothing.n.01,False,608b3790-a526-4925-9ef1-b8f529dd9713,1,563
673,sweat_pants_n_01,sweat_pants_n_01,hyponym,clothing.n.01,True,608b3790-a526-4925-9ef1-b8f529dd9713,1,394
674,harp_n_01,lyre_n_01,bl,musical_instrument.n.01,True,608b3790-a526-4925-9ef1-b8f529dd9713,1,475
675,bongo_n_01,carpenters_square_n_01,hyponym,musical_instrument.n.01,False,608b3790-a526-4925-9ef1-b8f529dd9713,1,385
676,oboe_n_01,miniskirt_n_01,bl,musical_instrument.n.01,False,608b3790-a526-4925-9ef1-b8f529dd9713,1,463
677,granny_smith_n_01,granny_smith_n_01,hyponym,edible_fruit.n.01,True,608b3790-a526-4925-9ef1-b8f529dd9713,1,403
678,skirt_n_02,miniskirt_n_01,bl,clothing.n.01,True,608b3790-a526-4925-9ef1-b8f529dd9713,1,366
679,musette_n_01,musette_n_01,hyponym,musical_instrument.n.01,True,608b3790-a526-4925-9ef1-b8f529dd9713,1,499
680,cherry_n_03,brick_trowel_n_01,bl,edible_fruit.n.01,False,608b3790-a526-4925-9ef1-b8f529dd9713,1,614
681,jacket_n_01,bitter_orange_n_02,bl,clothing.n.01,False,608b3790-a526-4925-9ef1-b8f529dd9713,1,700
682,plum_n_02,damson_n_01,bl,edible_fruit.n.01,True,608b3790-a526-4925-9ef1-b8f529dd9713,1,648
683,coat_n_01,handsaw_n_01,bl,clothing.n.01,False,608b3790-a526-4925-9ef1-b8f529dd9713,1,970
684,clothing_n_01,bathrobe_n_01,hypernym,clothing.n.01,True,608b3790-a526-4925-9ef1-b8f529dd9713,1,442
685,orange_n_01,highhat_cymbal_n_01,bl,edible_fruit.n.01,False,608b3790-a526-4925-9ef1-b8f529dd9713,1,467
686,hand_tool_n_01,cherimoya_n_02,hypernym,hand_tool.n.01,False,608b3790-a526-4925-9ef1-b8f529dd9713,1,561
687,miniskirt_n_01,miniskirt_n_01,hyponym,clothing.n.01,True,608b3790-a526-4925-9ef1-b8f529dd9713,1,400
688,musical_instrument_n_01,cape_n_02,hypernym,musical_instrument.n.01,False,608b3790-a526-4925-9ef1-b8f529dd9713,1,852
689,furniture_n_01,bosc_n_01,hypernym,furniture.n.01,False,608b3790-a526-4925-9ef1-b8f529dd9713,1,804
690,damson_n_01,heckelphone_n_01,hyponym,edible_fruit.n.01,False,608b3790-a526-4925-9ef1-b8f529dd9713,1,1626
691,bench_n_01,pew_n_01,bl,furniture.n.01,True,608b3790-a526-4925-9ef1-b8f529dd9713,1,386
692,campstool_n_01,miniskirt_n_01,hyponym,furniture.n.01,False,608b3790-a526-4925-9ef1-b8f529dd9713,1,618
693,brick_trowel_n_01,brick_trowel_n_01,hyponym,hand_tool.n.01,True,608b3790-a526-4925-9ef1-b8f529dd9713,1,628
694,awl_n_01,bradawl_n_01,bl,hand_tool.n.01,True,608b3790-a526-4925-9ef1-b8f529dd9713,1,731
695,chair_n_01,armchair_n_01,bl,furniture.n.01,True,608b3790-a526-4925-9ef1-b8f529dd9713,1,1015
696,passion_fruit_n_01,sweat_pants_n_01,bl,edible_fruit.n.01,False,608b3790-a526-4925-9ef1-b8f529dd9713,1,987
697,baby_bed_n_01,granadilla_n_04,bl,furniture.n.01,False,608b3790-a526-4925-9ef1-b8f529dd9713,1,622
698,square_n_08,sackbut_n_01,bl,hand_tool.n.01,False,608b3790-a526-4925-9ef1-b8f529dd9713,1,589
699,oboe_n_01,heckelphone_n_01,bl,musical_instrument.n.01,True,608b3790-a526-4925-9ef1-b8f529dd9713,1,537
700,cape_n_02,acoustic_guitar_n_01,hyponym,clothing.n.01,False,608b3790-a526-4925-9ef1-b8f529dd9713,1,504
701,necktie_n_01,bow_tie_n_01,bl,clothing.n.01,True,608b3790-a526-4925-9ef1-b8f529dd9713,1,420
702,plane_n_05,key_lime_n_01,bl,hand_tool.n.01,False,608b3790-a526-4925-9ef1-b8f529dd9713,1,2188
703,cape_n_02,cape_n_02,hyponym,clothing.n.01,True,608b3790-a526-4925-9ef1-b8f529dd9713,1,743
704,plum_n_02,spade_n_02,bl,edible_fruit.n.01,False,608b3790-a526-4925-9ef1-b8f529dd9713,1,1829
705,furniture_n_01,pew_n_01,hypernym,furniture.n.01,True,608b3790-a526-4925-9ef1-b8f529dd9713,1,656
706,underwear_n_01,heckelphone_n_01,bl,clothing.n.01,False,608b3790-a526-4925-9ef1-b8f529dd9713,1,631
707,musical_instrument_n_01,musette_n_01,hypernym,musical_instrument.n.01,True,608b3790-a526-4925-9ef1-b8f529dd9713,1,527
708,apple_n_01,granny_smith_n_01,bl,edible_fruit.n.01,True,608b3790-a526-4925-9ef1-b8f529dd9713,1,486
709,edible_fruit_n_01,bass_clarinet_n_01,hypernym,edible_fruit.n.01,False,608b3790-a526-4925-9ef1-b8f529dd9713,1,598
710,musical_instrument_n_01,bikini_n_02,hypernym,musical_instrument.n.01,False,608b3790-a526-4925-9ef1-b8f529dd9713,1,685
711,clothing_n_01,sackbut_n_01,hypernym,clothing.n.01,False,608b3790-a526-4925-9ef1-b8f529dd9713,1,547
712,handsaw_n_01,handsaw_n_01,hyponym,hand_tool.n.01,True,608b3790-a526-4925-9ef1-b8f529dd9713,1,435
713,edible_fruit_n_01,turtleneck_n_01,hypernym,edible_fruit.n.01,False,608b3790-a526-4925-9ef1-b8f529dd9713,1,625
714,floor_lamp_n_01,tank_top_n_01,hyponym,furniture.n.01,False,608b3790-a526-4925-9ef1-b8f529dd9713,1,465
715,bathrobe_n_01,bongo_n_01,hyponym,clothing.n.01,False,608b3790-a526-4925-9ef1-b8f529dd9713,1,548
716,furniture_n_01,armoire_n_01,hypernym,furniture.n.01,True,608b3790-a526-4925-9ef1-b8f529dd9713,1,554
717,hand_tool_n_01,handsaw_n_01,hypernym,hand_tool.n.01,True,608b3790-a526-4925-9ef1-b8f529dd9713,2,635
718,hand_tool_n_01,putty_knife_n_01,hypernym,hand_tool.n.01,True,608b3790-a526-4925-9ef1-b8f529dd9713,1,467
719,musical_instrument_n_01,grand_piano_n_01,hypernym,musical_instrument.n.01,True,608b3790-a526-4925-9ef1-b8f529dd9713,1,410
720,bikini_n_02,watermelon_n_02,hyponym,clothing.n.01,False,608b3790-a526-4925-9ef1-b8f529dd9713,1,452
721,highboy_n_01,highboy_n_01,hyponym,furniture.n.01,True,608b3790-a526-4925-9ef1-b8f529dd9713,1,1058
722,lyre_n_01,campstool_n_01,hyponym,musical_instrument.n.01,False,608b3790-a526-4925-9ef1-b8f529dd9713,2,1828
723,long_johns_n_01,grand_piano_n_01,hyponym,clothing.n.01,False,608b3790-a526-4925-9ef1-b8f529dd9713,1,1522
724,hand_tool_n_01,needlenose_pliers_n_01,hypernym,hand_tool.n.01,True,608b3790-a526-4925-9ef1-b8f529dd9713,1,3756
725,hand_tool_n_01,stradavarius_n_01,hypernym,hand_tool.n.01,False,608b3790-a526-4925-9ef1-b8f529dd9713,1,557
726,euphonium_n_01,spade_n_02,hyponym,musical_instrument.n.01,False,608b3790-a526-4925-9ef1-b8f529dd9713,1,632
727,baby_bed_n_01,cradle_n_01,bl,furniture.n.01,True,608b3790-a526-4925-9ef1-b8f529dd9713,1,412
728,melon_n_01,watermelon_n_02,bl,edible_fruit.n.01,True,608b3790-a526-4925-9ef1-b8f529dd9713,1,400
729,edible_fruit_n_01,smooth_plane_n_01,hypernym,edible_fruit.n.01,False,608b3790-a526-4925-9ef1-b8f529dd9713,1,555
730,veil_n_01,face_veil_n_01,bl,clothing.n.01,True,608b3790-a526-4925-9ef1-b8f529dd9713,1,520
731,edible_fruit_n_01,granny_smith_n_01,hypernym,edible_fruit.n.01,True,608b3790-a526-4925-9ef1-b8f529dd9713,1,609
732,hand_tool_n_01,nailfile_n_01,hypernym,hand_tool.n.01,True,608b3790-a526-4925-9ef1-b8f529dd9713,1,1150
733,musical_instrument_n_01,writing_desk_n_02,hypernym,musical_instrument.n.01,False,608b3790-a526-4925-9ef1-b8f529dd9713,1,698
734,sackbut_n_01,sackbut_n_01,hyponym,musical_instrument.n.01,True,608b3790-a526-4925-9ef1-b8f529dd9713,1,682
735,business_suit_n_01,business_suit_n_01,hyponym,clothing.n.01,True,608b3790-a526-4925-9ef1-b8f529dd9713,1,936
736,violin_n_01,stradavarius_n_01,bl,musical_instrument.n.01,True,608b3790-a526-4925-9ef1-b8f529dd9713,1,387
737,cherimoya_n_02,cherimoya_n_02,hyponym,edible_fruit.n.01,True,608b3790-a526-4925-9ef1-b8f529dd9713,2,348
738,furniture_n_01,granny_smith_n_01,hypernym,furniture.n.01,False,608b3790-a526-4925-9ef1-b8f529dd9713,1,827
739,bitter_orange_n_02,uplift_n_02,hyponym,edible_fruit.n.01,False,608b3790-a526-4925-9ef1-b8f529dd9713,1,636
740,shovel_n_01,long_johns_n_01,bl,hand_tool.n.01,False,608b3790-a526-4925-9ef1-b8f529dd9713,1,656
741,bass_horn_n_01,euphonium_n_01,bl,musical_instrument.n.01,True,608b3790-a526-4925-9ef1-b8f529dd9713,1,412
742,custard_apple_n_02,long_johns_n_01,bl,edible_fruit.n.01,False,608b3790-a526-4925-9ef1-b8f529dd9713,1,515
743,clothing_n_01,miniskirt_n_01,hypernym,clothing.n.01,True,608b3790-a526-4925-9ef1-b8f529dd9713,1,804
744,edible_fruit_n_01,acoustic_guitar_n_01,hypernym,edible_fruit.n.01,False,608b3790-a526-4925-9ef1-b8f529dd9713,1,2084
745,hand_tool_n_01,contrabassoon_n_01,hypernym,hand_tool.n.01,False,608b3790-a526-4925-9ef1-b8f529dd9713,1,796
746,sofa_n_01,crescent_wrench_n_01,bl,furniture.n.01,False,608b3790-a526-4925-9ef1-b8f529dd9713,1,778
747,clothing_n_01,carpenters_hammer_n_01,hypernym,clothing.n.01,False,608b3790-a526-4925-9ef1-b8f529dd9713,1,803
748,smooth_plane_n_01,smooth_plane_n_01,hyponym,hand_tool.n.01,True,608b3790-a526-4925-9ef1-b8f529dd9713,1,664
749,clothing_n_01,business_suit_n_01,hypernym,clothing.n.01,True,608b3790-a526-4925-9ef1-b8f529dd9713,1,850
750,musette_n_01,business_suit_n_01,hyponym,musical_instrument.n.01,False,608b3790-a526-4925-9ef1-b8f529dd9713,2,620
751,skirt_n_02,phillips_screwdriver_n_01,bl,clothing.n.01,False,608b3790-a526-4925-9ef1-b8f529dd9713,1,774
752,highhat_cymbal_n_01,highhat_cymbal_n_01,hyponym,musical_instrument.n.01,True,608b3790-a526-4925-9ef1-b8f529dd9713,1,553
753,table_n_02,lyre_n_01,bl,furniture.n.01,False,608b3790-a526-4925-9ef1-b8f529dd9713,1,631
754,stool_n_01,campstool_n_01,bl,furniture.n.01,True,608b3790-a526-4925-9ef1-b8f529dd9713,1,427
755,sofa_n_01,love_seat_n_01,bl,furniture.n.01,True,608b3790-a526-4925-9ef1-b8f529dd9713,1,372
756,edible_fruit_n_01,needlenose_pliers_n_01,hypernym,edible_fruit.n.01,False,608b3790-a526-4925-9ef1-b8f529dd9713,1,679
757,grand_piano_n_01,grand_piano_n_01,hyponym,musical_instrument.n.01,True,608b3790-a526-4925-9ef1-b8f529dd9713,1,331
758,robe_n_01,sultana_n_01,bl,clothing.n.01,False,608b3790-a526-4925-9ef1-b8f529dd9713,1,670
759,saw_n_02,handsaw_n_01,bl,hand_tool.n.01,True,608b3790-a526-4925-9ef1-b8f529dd9713,1,381
760,square_n_08,carpenters_square_n_01,bl,hand_tool.n.01,True,608b3790-a526-4925-9ef1-b8f529dd9713,1,640
761,blazer_n_01,blazer_n_01,hyponym,clothing.n.01,True,608b3790-a526-4925-9ef1-b8f529dd9713,1,369
762,furniture_n_01,long_johns_n_01,hypernym,furniture.n.01,False,608b3790-a526-4925-9ef1-b8f529dd9713,1,465
763,furniture_n_01,campstool_n_01,hypernym,furniture.n.01,True,608b3790-a526-4925-9ef1-b8f529dd9713,1,775
764,musical_instrument_n_01,heckelphone_n_01,hypernym,musical_instrument.n.01,True,608b3790-a526-4925-9ef1-b8f529dd9713,1,1008
765,handsaw_n_01,business_suit_n_01,hyponym,hand_tool.n.01,False,608b3790-a526-4925-9ef1-b8f529dd9713,1,855
766,drum_n_01,bradawl_n_01,bl,musical_instrument.n.01,False,608b3790-a526-4925-9ef1-b8f529dd9713,1,602
767,bosc_n_01,bosc_n_01,hyponym,edible_fruit.n.01,True,608b3790-a526-4925-9ef1-b8f529dd9713,1,402
768,watermelon_n_02,watermelon_n_02,hyponym,edible_fruit.n.01,True,608b3790-a526-4925-9ef1-b8f529dd9713,1,456
769,clothing_n_01,turtleneck_n_01,hypernym,clothing.n.01,True,608b3790-a526-4925-9ef1-b8f529dd9713,1,486
770,mandarin_n_05,clementine_n_02,bl,edible_fruit.n.01,True,608b3790-a526-4925-9ef1-b8f529dd9713,1,379
771,spinet_n_02,blazer_n_01,hyponym,musical_instrument.n.01,False,608b3790-a526-4925-9ef1-b8f529dd9713,1,885
772,clementine_n_02,raincoat_n_01,hyponym,edible_fruit.n.01,False,608b3790-a526-4925-9ef1-b8f529dd9713,1,797
773,harp_n_01,writing_desk_n_02,bl,musical_instrument.n.01,False,608b3790-a526-4925-9ef1-b8f529dd9713,1,818
774,dresser_n_05,bitter_orange_n_02,hyponym,furniture.n.01,False,608b3790-a526-4925-9ef1-b8f529dd9713,2,813
775,campstool_n_01,campstool_n_01,hyponym,furniture.n.01,True,608b3790-a526-4925-9ef1-b8f529dd9713,1,431
776,spatula_n_02,putty_knife_n_01,bl,hand_tool.n.01,True,608b3790-a526-4925-9ef1-b8f529dd9713,1,717
777,clothing_n_01,cathedra_n_01,hypernym,clothing.n.01,False,608b3790-a526-4925-9ef1-b8f529dd9713,1,508
778,desk_n_01,smooth_plane_n_01,bl,furniture.n.01,False,608b3790-a526-4925-9ef1-b8f529dd9713,1,486
779,armchair_n_01,contrabassoon_n_01,hyponym,furniture.n.01,False,608b3790-a526-4925-9ef1-b8f529dd9713,1,359
780,furniture_n_01,dresser_n_05,hypernym,furniture.n.01,True,608b3790-a526-4925-9ef1-b8f529dd9713,1,868
781,highboy_n_01,bathrobe_n_01,hyponym,furniture.n.01,False,608b3790-a526-4925-9ef1-b8f529dd9713,1,700
782,hand_tool_n_01,uplift_n_02,hypernym,hand_tool.n.01,False,608b3790-a526-4925-9ef1-b8f529dd9713,1,1214
783,apple_n_01,floor_lamp_n_01,bl,edible_fruit.n.01,False,608b3790-a526-4925-9ef1-b8f529dd9713,1,477
784,musical_instrument_n_01,sackbut_n_01,hypernym,musical_instrument.n.01,True,608b3790-a526-4925-9ef1-b8f529dd9713,1,401
785,plane_n_05,smooth_plane_n_01,bl,hand_tool.n.01,True,608b3790-a526-4925-9ef1-b8f529dd9713,1,410
786,cloak_n_02,cape_n_02,bl,clothing.n.01,True,608b3790-a526-4925-9ef1-b8f529dd9713,1,426
787,clothing_n_01,pew_n_01,hypernym,clothing.n.01,False,608b3790-a526-4925-9ef1-b8f529dd9713,1,984
788,acoustic_guitar_n_01,handsaw_n_01,hyponym,musical_instrument.n.01,False,608b3790-a526-4925-9ef1-b8f529dd9713,1,622
789,clothing_n_01,dresser_n_05,hypernym,clothing.n.01,False,608b3790-a526-4925-9ef1-b8f529dd9713,1,670
790,clothing_n_01,armoire_n_01,hypernym,clothing.n.01,False,608b3790-a526-4925-9ef1-b8f529dd9713,1,844
791,grape_n_01,campstool_n_01,bl,edible_fruit.n.01,False,608b3790-a526-4925-9ef1-b8f529dd9713,1,563
